WARD,FS AGENCIES,SB FUNDS,MICRO LOANS,ARSON,ASSAULT,BATTERY,BURGLARY,CONCEALED CARRY LICENSE VIOLATION,CRIM SEXUAL ASSAULT,CRIMINAL DAMAGE,CRIMINAL SEXUAL ASSAULT,CRIMINAL TRESPASS,DECEPTIVE PRACTICE,GAMBLING,HOMICIDE,HUMAN TRAFFICKING,INTERFERENCE WITH PUBLIC OFFICER,INTIMIDATION,KIDNAPPING,LIQUOR LAW VIOLATION,MOTOR VEHICLE THEFT,NARCOTICS,NON-CRIMINAL,OBSCENITY,OFFENSE INVOLVING CHILDREN,OTHER NARCOTIC VIOLATION,OTHER OFFENSE,PROSTITUTION,PUBLIC INDECENCY,PUBLIC PEACE VIOLATION,RITUALISM,ROBBERY,SEX OFFENSE,STALKING,THEFT,WEAPONS VIOLATION,Commercial,General Commercial,General Industrial,General commercial,General industrial,Industrial,Landlord,Manufacturing,Mixed-Use: Retail and Commercial,Mixed-Use: Retail and Residential,Office,Retail,Warehousing,After School Program,Basic Street Outreach,Behavioral Health Support (At-Risk Youth),CHA After School Program,Caregiver Services,Chicago Children’s Advocacy Center,Child Care Only,Chore Services,Clinical Services,Community Hospitality Center (Drop-In Centers),Community Re-Entry Support Centers,Comprehensive Fitness,Congregate Dining,Counseling and Case Management Services,Court House Domestic Violence,Digital Literacy Program,Early Childhood/Family Initiative,Early Head Start,Early Head Start Support Services,Early Head Start Support Services – Child Care Partnership,Early Head Start – Child Care Partnership,Early Head Start – RTL,Early Learning for Immigrant Families,Emergency Food Assistance for At-Risk Population,Emergency Shelter,Employment Preparation and Placement Program,FUSE-Families,Family Violence Prevention Initiative,Greencorps Program,Head Start,Head Start Support Services,Head Start Support Services – RTL,Head Start – RTL,Health and Wellness Promotion,Home Delivered Meals,Homeless Prevention,Homeless Youth Engagement: Youth Drop-In Centers,Homeless Youth Overnight Shelter: Low-Threshold,Homelessness Prevention,Housing Relocation Counseling for At-Risk Seniors,Industry-Specific Training and Placement Program,Intensive Case Advocacy and Support For At-Risk Seniors,Intensive Youth Services,Interim Housing,Interim Housing-Youth,JISC,Legal Advocacy and Case Management,Legal Services,Legal Services for Victims of Domestic Violence,Low Threshold Youth Overnight Shelter,Mentoring,Mobile Outreach Human Services,Neighborhood Clean-up,Older Relatives Raising Children,One Summer Chicago +PLUS Program,Out of School Time Programming - School Year Only,Out of School Time Programming - Summer Only,Out of School Time Programming - Summer and School Breaks,Out of School Time Programming - Year Round,Out-of-School Time – Year Round Program,Outreach and Engagement,Outreach and Engagement Coordinator,Permanent Housing with Short-term Supports,Permanent Supportive Housing,Plan to End Homelessness,Project Based Transitional Housing,Public Benefits Outreach and Enrollment,RISE,Rapid Re-housing Program,Resource and Information Management,Safe Havens Program,Satellite Senior Centers,Scattered Site Transitional,Senior Community Service Employment Program (SCSEP),Shelter Plus Care,Specialized Outreach and Engagement Services,Specialized Servcies:  Clinical Services,Specialized Services:  SSI/SSDI,Summer Youth Employment Program,Summer Youth Program,Supervised Visitation and Safe Exchange,System Coordinator,Tax Preparation Assistance,Technical Assistance and Training,Transitional Jobs Program,Youth Drop-In Center,Youth Outreach Program,Youth Work Experience Program,Youth Working for Success,Youth-Intentional Permanent Supportive Housing,Children Services,Domestic Violence,Homeless Services,Human Services Delivery,Senior Services,Workforce Services,Youth Services,Accion,CNI,WBDC,Arts/Crafts Production,Auto/Vehicle,Beauty/Salon Services,Catering,Clothing Design/Mfg,Clothing/Material Production,Construction,Construction/Repair,Day Care,Education,Electronics,Entertainment,Entertainment/Manufacturing,Enviromental Consulting,"Fashion, jewelry, art and sewing/ jewelry classes",Food/Beverage,IT/Manufacturing,Manufacturing - Microloans,Medical Services,Other Services,Other Services - Barbershop,Other Services - Childcare,Other Services - Cosmetology,Other Services - Education,Other Services - Tire Repair,Other Services -Childcare,Professional/Off Svc,Real Estate Consultant,Restaurant - Full Service,Retail Sales ,Retail Sales - Other,Retail Services - Other,Retail Stores,Retail sales,Service,Transportation,Wholesale,transportation
1,27,4386155.2,11,10.0,221.0,449.0,191.0,1.0,1.0,345.0,15.0,73.0,350.0,,9.0,,4.0,4.0,2.0,6.0,152.0,36.0,,1.0,23.0,,160.0,1.0,1.0,16.0,,144.0,17.0,4.0,1138.0,48.0,22.0,2.0,,,,,2.0,,,4.0,,1.0,,,,,,,,1.0,1.0,,,,,,,,,,2.0,,,2.0,,,1.0,,,,,,5.0,,,,,,,,,,,,,,1.0,,,,,,1.0,,,,,1.0,2.0,,,2.0,,,,,,,,,,,,,,,,,,,,1.0,,,,1.0,,,,,,,,5.0,,2.0,2.0,1.0,,6.0,3.0,,1.0,1.0,,,,,,,,1.0,,,1.0,,,,1.0,,,,1.0,,,,,,,1.0,,,,,,1.0,1.0,,,,
2,14,3604471.11,9,,185.0,337.0,190.0,,,209.0,24.0,92.0,427.0,,,1.0,7.0,5.0,1.0,7.0,161.0,21.0,,1.0,3.0,,145.0,,,14.0,,145.0,23.0,4.0,1214.0,45.0,15.0,,,,,6.0,,,,,,,,,,,,,,1.0,,,,,,,,,,,,,,,,1.0,1.0,,,,,,2.0,,,,,,1.0,,,,,,,,1.0,,,,,,,1.0,,,,,,1.0,,,,,,,2.0,,,,,,,2.0,,,,1.0,,,,,,,,,,,,,,,,3.0,,5.0,1.0,,,2.0,1.0,2.0,4.0,,,1.0,,,,,,,,,,1.0,,,1.0,,,,1.0,,,,,,,2.0,,,,,,,,,2.0,,
3,49,4411193.25,7,27.0,598.0,1287.0,166.0,2.0,2.0,714.0,30.0,114.0,603.0,,14.0,,35.0,2.0,5.0,3.0,354.0,149.0,,1.0,55.0,2.0,426.0,10.0,1.0,62.0,,218.0,21.0,5.0,1107.0,239.0,15.0,2.0,1.0,,,1.0,1.0,,1.0,,,,,,,,1.0,,,3.0,,,,,,,,,1.0,2.0,1.0,1.0,,2.0,1.0,,1.0,,2.0,,,1.0,5.0,3.0,,,,,,,,,,,,,,,,,,,,2.0,,,,1.0,1.0,1.0,,1.0,,,,,1.0,,1.0,,1.0,,,,,1.0,,,,,,2.0,,,,1.0,,,,1.0,,,,9.0,,2.0,3.0,,2.0,6.0,4.0,2.0,,,,1.0,1.0,,,,1.0,1.0,,,,,,,2.0,,,,,,,,,,,1.0,,,,,,,,,,,
4,37,4706653.33,11,6.0,519.0,1027.0,177.0,1.0,2.0,564.0,27.0,140.0,465.0,,8.0,,18.0,5.0,3.0,,279.0,91.0,,,44.0,,338.0,,,69.0,,233.0,24.0,7.0,1271.0,146.0,24.0,1.0,,,,,2.0,,,1.0,,2.0,,,,,3.0,,,1.0,,,,,,,,,,,,,,3.0,2.0,,1.0,,,,,1.0,4.0,1.0,,,,,,,,,,,1.0,,,,,,,,,2.0,,,,1.0,2.0,,1.0,4.0,,,,,,,,1.0,,,,,,,,,,,,2.0,,,,1.0,,,,,,1.0,,6.0,,,3.0,1.0,,10.0,3.0,2.0,1.0,,,1.0,,,,,,,1.0,1.0,,,,,,,,1.0,1.0,,,,,,,,,,,3.0,,,,,,,
5,19,67295.0,7,8.0,504.0,1089.0,278.0,,1.0,680.0,28.0,80.0,388.0,,20.0,1.0,11.0,,4.0,,251.0,82.0,,2.0,43.0,,349.0,,,25.0,,209.0,11.0,12.0,973.0,216.0,1.0,,,,,,,,,,,,,,,,,,,1.0,,,,,,,,,,,1.0,,,1.0,1.0,,1.0,,,,,,3.0,,,,,,,,,,,,,,,,,,,,,2.0,,,,,,,,3.0,,,,,,,,,,,,,,,,,,,,1.0,,,,1.0,,,,,,,,4.0,,,2.0,,,4.0,1.0,3.0,2.0,,,,,,,,1.0,,,,,,,,1.0,,1.0,,,,,,,,,1.0,,,,1.0,,1.0,,1.0,,,
6,41,1887294.83,10,27.0,856.0,1957.0,333.0,5.0,3.0,1140.0,42.0,127.0,439.0,,40.0,,46.0,1.0,5.0,4.0,474.0,313.0,,,100.0,,519.0,17.0,,43.0,,323.0,19.0,7.0,1115.0,623.0,6.0,,,,,,2.0,,1.0,,,1.0,,,,1.0,,,,3.0,,,,,,,,,,,1.0,,,4.0,,,1.0,,,,,,6.0,,,,,,,,1.0,,,,,1.0,1.0,,,,,,1.0,,,,,2.0,,1.0,,1.0,,,,,,,,,1.0,,,,,,,,,,,,,,,,,1.0,,,,,,8.0,,2.0,1.0,,1.0,6.0,2.0,3.0,1.0,,,,,1.0,,1.0,1.0,,1.0,,,,,,1.0,,,1.0,,,1.0,,,,,1.0,,,,1.0,,,,1.0,,,
7,16,687638.2,7,12.0,725.0,1596.0,298.0,5.0,5.0,919.0,35.0,106.0,385.0,,36.0,,35.0,4.0,5.0,1.0,264.0,128.0,,2.0,74.0,,441.0,,,22.0,,244.0,11.0,4.0,895.0,244.0,5.0,,,,,,,,,,,1.0,,,1.0,,,,,2.0,,,,,,,,,,,,,,2.0,,,1.0,,,,,1.0,5.0,,,,,,,,,,,,,,1.0,,,,,,,,,,,,,,,,,,,,,,,,,,,,,,,,,,,,,,,,,,,,,,,6.0,,1.0,1.0,,,1.0,2.0,3.0,,,,,,,,,,1.0,,,,,,,,,,,3.0,,,,,,,1.0,,,,,,,,,1.0,,1.0
8,35,4531188.18,9,18.0,691.0,1580.0,402.0,5.0,2.0,947.0,32.0,134.0,478.0,,47.0,,41.0,2.0,6.0,1.0,341.0,180.0,,2.0,81.0,,475.0,2.0,1.0,27.0,,280.0,37.0,6.0,1035.0,347.0,29.0,3.0,,,,5.0,3.0,,1.0,2.0,,1.0,,,,1.0,1.0,,,2.0,,,,,1.0,,,,,,1.0,,,3.0,,,1.0,,,,,,9.0,,,,,,,,,,,,,,1.0,,,,,,,1.0,,,,1.0,2.0,,,4.0,,,,,,,,,,,,,,,,,,,,,,,,1.0,,,,,,,,10.0,,1.0,2.0,1.0,,8.0,3.0,2.0,,,1.0,1.0,,,,1.0,,,,,,,,,,,,,,,,,1.0,,,2.0,,,,,,,,,1.0,,
9,36,1039533.74,9,27.0,708.0,1405.0,311.0,5.0,1.0,950.0,28.0,125.0,440.0,1.0,37.0,,34.0,2.0,5.0,1.0,299.0,119.0,,1.0,68.0,,533.0,14.0,,17.0,,216.0,24.0,8.0,875.0,402.0,9.0,,,,,,1.0,,,,,,,,,,2.0,,,2.0,,,,,,,1.0,,,,2.0,,,3.0,3.0,,1.0,,1.0,,,,8.0,,,,,,,,,,,1.0,,,,,,,,,,,,,,,,,,2.0,,,,,,,,,,,,,,,,,,,,,,,,,,1.0,,,,,,11.0,1.0,,1.0,,1.0,4.0,1.0,1.0,,,,,,,,,1.0,,,,,,,,1.0,,,,,,,,,,,1.0,,,,,,,,,1.0,,
10,24,3548142.48,2,13.0,345.0,736.0,114.0,3.0,1.0,489.0,16.0,74.0,221.0,,13.0,,15.0,6.0,2.0,,169.0,59.0,,1.0,70.0,,236.0,,,16.0,,64.0,14.0,2.0,518.0,176.0,16.0,,,,,2.0,2.0,1.0,,,2.0,,,,,,,,,2.0,,,,,,,,,,,,,,2.0,2.0,,1.0,,,,,,4.0,,,,,,,,,,,,,,1.0,,,,,,,,,,,,1.0,,,1.0,,,,,,,,1.0,,,,,,,,,,,,,,,,,,,,,,,,4.0,,1.0,2.0,,,2.0,2.0,,,,,,,,,,,1.0,,,,,,,1.0,,,,,,,,,,,,,,,,,,,,,,
11,11,10095046.94,2,8.0,238.0,408.0,98.0,1.0,,347.0,13.0,56.0,337.0,,8.0,,2.0,9.0,2.0,5.0,114.0,44.0,,,15.0,,164.0,1.0,,8.0,,101.0,13.0,4.0,660.0,86.0,16.0,4.0,4.0,,,19.0,2.0,2.0,,2.0,1.0,1.0,,,,1.0,,,,,,,,,,,1.0,,,,,,,,,,1.0,,,,,,4.0,,,,,,,,,,,,,,,,,,,,,,,,,,2.0,,,,,,,,,,,,,,,,,,,,,,,,,,,,,,,,,,,4.0,1.0,,1.0,,,3.0,1.0,,1.0,,,,,,1.0,,,1.0,,,,,,,,,,,,,,,,,,,,,,,,,,,,,
12,22,876950.87,5,13.0,238.0,587.0,88.0,4.0,,329.0,19.0,33.0,167.0,,13.0,,7.0,8.0,,3.0,97.0,75.0,,,47.0,,175.0,,,19.0,,89.0,32.0,2.0,410.0,160.0,3.0,1.0,,,1.0,,,,,,,,,,,1.0,,,,2.0,,,,,,,,,,,1.0,,,,,,,,1.0,,,,4.0,1.0,,,,,,,,,,,,,1.0,,,,,,1.0,,,,,,2.0,,,1.0,,,,,,,,,,,,,,,,,,,,,,,,2.0,,1.0,,,,,,5.0,,2.0,2.0,,2.0,4.0,2.0,,,,,,,,,,,,,,,,,,1.0,,1.0,,1.0,,,,,,,,,,,,,,,,,,
13,15,2204255.49,3,2.0,144.0,298.0,88.0,10.0,,299.0,9.0,26.0,274.0,,1.0,,,3.0,1.0,,64.0,23.0,,3.0,30.0,,143.0,,,10.0,,59.0,12.0,3.0,320.0,58.0,19.0,1.0,,,,3.0,1.0,,,,,,,,,,,,,2.0,,,,,,1.0,,,,,2.0,,,,,,1.0,,,,,,4.0,,,,,,,,,,,,,,,,,,,,,,,,,,,,,,,,,,,,,,,,,,,,,,,,,,,,,,,,,,,,,4.0,,,1.0,1.0,,,1.0,,,,,,,,,,1.0,,,,,,,,1.0,,,,,,,,,,,,,,,1.0,,,,,,,
14,17,1044957.75,1,16.0,209.0,455.0,109.0,3.0,,296.0,14.0,35.0,203.0,,14.0,,7.0,5.0,,1.0,100.0,39.0,,1.0,34.0,,187.0,3.0,,18.0,,87.0,12.0,1.0,475.0,101.0,2.0,,,,,2.0,,,,,,,,,,,,,,1.0,,,,,1.0,,,,,,1.0,,,1.0,,,,,,,,,3.0,,,,,,,,,,,,,1.0,1.0,,1.0,,,,,,,,,,,,,,,,,,,,,,1.0,,,,1.0,,,,,,,1.0,,,,,,,,,,,,4.0,,1.0,,1.0,,1.0,1.0,,,,,,,,,,,,,,,,,,,,,,,,,,,,,,,,,1.0,,,,,,,
15,32,2182761.15,2,22.0,322.0,778.0,77.0,5.0,1.0,493.0,16.0,30.0,138.0,,15.0,,10.0,4.0,3.0,1.0,128.0,88.0,,1.0,43.0,,211.0,1.0,,20.0,,109.0,24.0,3.0,411.0,233.0,14.0,,,,,1.0,,,,,,1.0,,,,,,,,4.0,,,,,,,,,1.0,,3.0,,,,1.0,,1.0,,,,,,6.0,,,,,,,,,,,,1.0,,,,,,,,1.0,,,,,,1.0,,,3.0,,,,,,,,,1.0,,,,,,,,,,,2.0,,,,1.0,,1.0,1.0,,,,,8.0,,1.0,3.0,1.0,1.0,5.0,1.0,,1.0,,,1.0,,,,,,,,,,,,,,,,,,,,,,,,,,,,,,,,,1.0,,
16,35,322364.65,3,24.0,696.0,1577.0,273.0,6.0,2.0,858.0,44.0,94.0,286.0,2.0,47.0,,27.0,6.0,2.0,2.0,265.0,252.0,,1.0,71.0,,391.0,29.0,,64.0,,296.0,24.0,7.0,799.0,479.0,1.0,1.0,,,,,,,,,,1.0,,,,,,,,,,,,,,,,,,,,,,3.0,,,1.0,,,,,,7.0,,,,,,,,,,,,,,3.0,,,,,,,,,,,1.0,,,,1.0,,,,,1.0,,,,,,,,,,,,,,,1.0,,,,,,,,,,,,8.0,,3.0,1.0,,,2.0,1.0,2.0,,,,1.0,,,,,1.0,,,,,,,,,,,,,1.0,,,,,,,,,,,,,,,,,
17,50,1387820.97,3,13.0,730.0,1691.0,286.0,4.0,1.0,902.0,36.0,154.0,382.0,1.0,29.0,1.0,32.0,5.0,6.0,2.0,325.0,251.0,,5.0,59.0,,452.0,1.0,1.0,42.0,,230.0,30.0,4.0,1038.0,476.0,6.0,,,,,1.0,,,,,,,,,,,,,,2.0,,,,,,,,,1.0,,2.0,,,4.0,2.0,,1.0,,1.0,,,1.0,10.0,,,,,,,,,,,,,,1.0,,,,,,,,,,,1.0,,1.0,,1.0,1.0,,,,,,1.0,,1.0,,,,,,,,,,,1.0,,,,1.0,,,,,,,,12.0,,2.0,3.0,,1.0,3.0,2.0,,,,,,,,,,,1.0,,,,,,,1.0,,,,1.0,,,,,,,,,,,,,,,,,,
18,24,851562.45,7,8.0,287.0,549.0,151.0,,,366.0,16.0,58.0,316.0,,6.0,,2.0,1.0,4.0,,156.0,33.0,,,43.0,,202.0,,,23.0,,92.0,10.0,1.0,593.0,119.0,6.0,,,,,3.0,,,,,,1.0,,,,,,,,,,,,,,,,,,,1.0,,,4.0,1.0,,,,,,,,8.0,,,,,,,,,,,,,1.0,1.0,,,,,,,,,,,,,,,2.0,,,,,,,,,,,,,,,,,,,,,,,,,,,,,,,,9.0,,1.0,,,,2.0,2.0,1.0,1.0,,,,,,,,1.0,,,,,,,,,,,,1.0,,,,,,1.0,2.0,,,,1.0,,,,,1.0,,
19,9,5013074.49,5,1.0,133.0,233.0,82.0,3.0,2.0,195.0,6.0,64.0,478.0,,3.0,,3.0,1.0,4.0,3.0,77.0,27.0,,4.0,44.0,,149.0,1.0,,4.0,,44.0,10.0,2.0,354.0,18.0,49.0,,,,,,2.0,,,,,,,,,1.0,,,,,,1.0,,,,,,,,,1.0,,,,,,1.0,,,1.0,,,1.0,,,,,,,,,,,,1.0,,,,,,,,,,,,,,1.0,,,,,,,,,,,,,,,,,,,,1.0,,,,,,,,,,,,,,,2.0,,2.0,1.0,1.0,,2.0,1.0,1.0,,,,,,,,,,,,,,,,,,,1.0,1.0,1.0,,,,,,,1.0,,,,,,,,,,,
20,48,2403444.2600000002,5,21.0,682.0,1742.0,228.0,4.0,3.0,854.0,41.0,100.0,366.0,,29.0,,19.0,4.0,2.0,2.0,299.0,179.0,,2.0,84.0,,465.0,,,52.0,,247.0,31.0,8.0,904.0,387.0,18.0,2.0,,,,,,,,,,,,,,1.0,,,,2.0,,,,1.0,,,,,1.0,,2.0,,,3.0,2.0,,1.0,,1.0,,,1.0,8.0,1.0,,1.0,,,,1.0,,,,,,,1.0,,,,,,,,,,,2.0,,1.0,1.0,3.0,,,,,1.0,,,,1.0,,,,,,,1.0,,,,1.0,,,,1.0,,1.0,1.0,,,,,10.0,,4.0,3.0,,2.0,8.0,1.0,2.0,1.0,,,,,,,,1.0,,,,,,,,,,,,1.0,,,,,,,1.0,,,,,,,,,,,
21,17,,7,21.0,642.0,1389.0,258.0,2.0,4.0,1000.0,35.0,136.0,503.0,,31.0,,28.0,1.0,4.0,1.0,296.0,153.0,,,67.0,,396.0,2.0,,22.0,,214.0,28.0,10.0,1135.0,336.0,,,,,,,,,,,,,,,,,,,,1.0,,,,,,,,,,,,,,1.0,1.0,,1.0,,,,,,6.0,1.0,,,,,,,,,,,,,,,,,,,,,,,,,,1.0,,,,,,,,,,,,,,,,,,1.0,,,,,,,,,,,,,,,,7.0,,1.0,1.0,,,1.0,1.0,2.0,,,,1.0,,,,,,1.0,,,,,,,,,,,,,,,,1.0,,,,,,1.0,1.0,,,,1.0,,
22,29,2886264.27,2,11.0,248.0,594.0,104.0,8.0,2.0,311.0,17.0,38.0,168.0,,18.0,,11.0,,2.0,2.0,148.0,74.0,,1.0,45.0,,179.0,8.0,1.0,24.0,,99.0,15.0,1.0,378.0,186.0,7.0,,,,,8.0,,1.0,,,,,,,,,,,,1.0,,,,,,,,,,,1.0,,,1.0,2.0,,,,1.0,,,,2.0,,,,,,,,,,,,,2.0,,,,,,,,1.0,,,,1.0,1.0,1.0,,4.0,,,,,,,,,1.0,,,,,,,,,,,,,,,,,,,,1.0,1.0,,3.0,,,,,1.0,8.0,2.0,,,,,,,,,,,,,,,,,,,,,,,,,,,,,1.0,,,,,,1.0,,,,,
23,11,2732791.38,2,10.0,205.0,356.0,71.0,5.0,,250.0,7.0,44.0,292.0,,4.0,,1.0,6.0,1.0,3.0,85.0,55.0,,2.0,32.0,,164.0,,,17.0,,62.0,10.0,2.0,384.0,67.0,11.0,1.0,1.0,,,9.0,1.0,1.0,,,,,,,,,,,,,,,,,,,1.0,,1.0,,,,,,,,1.0,,,,,,4.0,,,,,,,,,,,,,,,,,,,,,,,,,,,,,1.0,,,,,,,,,,,,,,,,,,,,,,1.0,,,,,,,,,,4.0,1.0,,2.0,,,1.0,1.0,,,,,1.0,,,,,,,,,,,,,,,,,,,,,,,,,,1.0,,,,,,,,,
24,55,5775769.24,1,30.0,752.0,2128.0,184.0,8.0,2.0,957.0,44.0,155.0,399.0,5.0,52.0,,34.0,2.0,3.0,1.0,430.0,950.0,,2.0,65.0,,489.0,72.0,,78.0,,486.0,23.0,6.0,938.0,550.0,23.0,,1.0,,,11.0,3.0,1.0,,,,1.0,,,,1.0,1.0,,,3.0,,,,,,,,,1.0,,3.0,,,3.0,1.0,1.0,1.0,,2.0,,,1.0,5.0,,,,,,,,,,,1.0,,1.0,2.0,,,,,,,1.0,,,,,2.0,,,5.0,,,,,1.0,,,,1.0,,,,,,,1.0,,,,,,,,1.0,,1.0,,,,,,8.0,,4.0,3.0,,2.0,9.0,1.0,,,,,,,,,,,,,,,,,,,,,,,,,,,,,1.0,,,,,,,,,,,
25,62,5822745.43,16,13.0,333.0,631.0,137.0,5.0,1.0,439.0,21.0,98.0,322.0,1.0,18.0,,7.0,5.0,1.0,8.0,221.0,75.0,,,17.0,1.0,185.0,1.0,,29.0,,149.0,17.0,8.0,959.0,117.0,23.0,,,,,6.0,1.0,1.0,,1.0,,,1.0,,,,,,,7.0,,,,,,2.0,3.0,1.0,1.0,,3.0,,,1.0,4.0,1.0,,,2.0,,,,7.0,1.0,,,,1.0,,,,,,,,,1.0,,,3.0,1.0,1.0,,,,,,,1.0,,,5.0,,,,,,1.0,,,1.0,,2.0,,,,,,,,,2.0,,1.0,,2.0,,,,,,,,9.0,6.0,2.0,4.0,2.0,2.0,7.0,2.0,1.0,3.0,,,,,,,,1.0,,,,,,,1.0,1.0,,,,1.0,,,1.0,,,,,,,,3.0,,1.0,,,,1.0,
26,42,7385219.17,6,10.0,295.0,672.0,172.0,,,433.0,17.0,47.0,223.0,,11.0,,7.0,3.0,3.0,2.0,161.0,113.0,,1.0,30.0,,181.0,,,15.0,,136.0,16.0,3.0,696.0,123.0,40.0,,,,,12.0,3.0,2.0,,5.0,,,,,,1.0,,,,2.0,,,,,,,,,1.0,,1.0,,,3.0,,,1.0,,1.0,,,,7.0,,,,,,,1.0,1.0,1.0,,1.0,,1.0,1.0,,,,,,,1.0,,,,,,1.0,,6.0,,,,,,,1.0,,,,,,,,1.0,,,,,,,,,,,,,,,,1.0,8.0,,3.0,2.0,1.0,2.0,9.0,3.0,,1.0,,1.0,,,,,,,,,,,,,,,,,,,,,,,,,,,1.0,,2.0,,,,,1.0,,
27,69,35451117.63,8,16.0,653.0,1560.0,313.0,2.0,3.0,957.0,36.0,199.0,572.0,6.0,47.0,1.0,34.0,1.0,1.0,10.0,506.0,843.0,,,56.0,,410.0,5.0,,55.0,,332.0,41.0,7.0,2134.0,255.0,64.0,5.0,1.0,,,66.0,10.0,7.0,,1.0,1.0,3.0,1.0,,1.0,,3.0,,,4.0,,1.0,,,,1.0,1.0,,1.0,,2.0,,,1.0,,,1.0,1.0,4.0,,,1.0,4.0,2.0,1.0,,1.0,,,,,,,2.0,2.0,,2.0,1.0,,,,,,1.0,,,,,1.0,,1.0,2.0,,,,,1.0,,,,,,,,,,,4.0,,,,1.0,,,,,,3.0,,,,,,8.0,1.0,8.0,2.0,3.0,5.0,8.0,2.0,2.0,1.0,,,,,,1.0,,1.0,,,,1.0,,,,1.0,,,,3.0,,,,,,,,,,,,,,,,,,
28,66,8435751.9,5,38.0,861.0,2336.0,257.0,11.0,2.0,1102.0,61.0,191.0,407.0,7.0,63.0,,48.0,4.0,5.0,2.0,513.0,1363.0,,2.0,60.0,,529.0,94.0,1.0,104.0,1.0,622.0,31.0,6.0,1385.0,556.0,24.0,1.0,2.0,,,17.0,2.0,3.0,,1.0,,,1.0,,1.0,1.0,,,1.0,3.0,,,1.0,,,,,,1.0,,5.0,,,2.0,1.0,,1.0,1.0,,,,,7.0,,,,,,,,1.0,,,2.0,1.0,,2.0,,,,,,1.0,2.0,1.0,,,3.0,1.0,2.0,,2.0,,,,,,,,1.0,1.0,,,,,,,1.0,,,,1.0,,,,,,2.0,,,,,,7.0,1.0,5.0,3.0,1.0,4.0,10.0,3.0,1.0,,1.0,,,,,,,,,,,1.0,,,,1.0,1.0,,,1.0,,,,,,,,,,,,,,,,,,
29,40,4835604.23,5,22.0,535.0,1373.0,183.0,1.0,3.0,675.0,31.0,71.0,421.0,,35.0,,11.0,4.0,1.0,1.0,338.0,133.0,1.0,4.0,37.0,,374.0,1.0,,30.0,,249.0,29.0,5.0,763.0,224.0,20.0,2.0,,1.0,,9.0,1.0,2.0,,1.0,,,,,,2.0,,,,2.0,,,,1.0,,,,,,,1.0,,,,,,1.0,,2.0,,,,8.0,,,,1.0,,,,,,,,,1.0,1.0,,,,,,,,,,,2.0,1.0,,,2.0,,,,,,,,,1.0,,,,,,,,,,,2.0,,,,1.0,,1.0,,,,,,9.0,,1.0,2.0,1.0,2.0,8.0,3.0,,,,,,,,,,2.0,,,,,,,,1.0,,,1.0,,,,,,,,,,,,,,,,,,,
30,11,6310175.35,1,10.0,189.0,498.0,78.0,,,275.0,12.0,36.0,184.0,,3.0,,1.0,3.0,1.0,4.0,127.0,68.0,,2.0,32.0,1.0,160.0,,,4.0,,85.0,12.0,1.0,447.0,63.0,36.0,3.0,,,,4.0,1.0,,,,,2.0,,,,,,,,3.0,,,,,,,1.0,,,,2.0,,,,,,,,,,,,3.0,,,,,,,,,,,,,,,,,,,,,,,,,,1.0,,,1.0,,,,,,,,,,,,,,,,,,,,,,,,,,,,,,,,4.0,1.0,,,,,2.0,1.0,,,,,,,,,,,,,,,,,,,,,,,,,,,,,,,1.0,,,,,,,,,
31,8,4785423.96,3,,227.0,513.0,107.0,4.0,1.0,273.0,15.0,37.0,213.0,,2.0,,6.0,3.0,2.0,5.0,130.0,99.0,,1.0,32.0,,205.0,2.0,,8.0,,71.0,20.0,2.0,510.0,82.0,22.0,1.0,,,,13.0,,1.0,,,,1.0,,,,,,,,1.0,,,,,,,,,,,1.0,,,1.0,1.0,,1.0,,,,,,1.0,,,,,,,,,,,,,1.0,,,,,,,,,,,,,,,,,,,,,,,,,,,,,,,,,,,,,,,,1.0,,,,,,,,3.0,,,2.0,,,1.0,1.0,,1.0,,,,,,,,,,,,,,,,,,,,,,,,,,,2.0,,,,,,,,,,,
32,9,1856556.68,7,5.0,126.0,206.0,170.0,,1.0,221.0,9.0,69.0,352.0,,1.0,,1.0,2.0,2.0,2.0,123.0,19.0,,1.0,12.0,,92.0,,,3.0,,81.0,14.0,1.0,960.0,25.0,11.0,1.0,,,,5.0,,,,,,,,,,,,,,,,,,,,,,,,,,,,1.0,,,1.0,,,,,,2.0,,,,,,,,,,,,,,,,,,,,,,,,,,,,1.0,1.0,,,,,1.0,,,,,,,,,,,,,,,,,,,1.0,,,,,,,,2.0,,1.0,2.0,,,2.0,4.0,1.0,1.0,,,,,,1.0,,,,,,,,,,,,,,,,,,,,,,,,1.0,2.0,,2.0,,,,,
33,12,4927579.42,1,5.0,150.0,352.0,93.0,,,289.0,9.0,35.0,211.0,1.0,6.0,,2.0,5.0,,2.0,110.0,43.0,,1.0,22.0,,119.0,,,6.0,,76.0,12.0,2.0,467.0,34.0,24.0,1.0,1.0,,,2.0,3.0,,1.0,,,1.0,,,,,,,,2.0,,,,,,1.0,,,,,,,,1.0,,,1.0,,1.0,,,,5.0,,,,,,,,,,,,,,,,,,,,,,,,,1.0,,,,,,,,,,,,,,,,,,,,,,,,,,,,,,,,,,,,5.0,,,1.0,1.0,1.0,1.0,1.0,,,,,,,,,,,,,,,,,,,,,,1.0,,,,,,,,,,,,,,,,,,
34,45,1545987.5,3,19.0,618.0,1323.0,430.0,3.0,6.0,891.0,27.0,113.0,436.0,,25.0,,16.0,3.0,9.0,,307.0,160.0,,,95.0,,428.0,4.0,,19.0,,199.0,24.0,5.0,819.0,354.0,6.0,,,,,2.0,3.0,,,2.0,,,,,,1.0,2.0,,,,,,,1.0,,1.0,2.0,,,,1.0,,,1.0,1.0,,1.0,1.0,2.0,,,1.0,4.0,,,,,,,,,,,1.0,,,1.0,,,,,,,1.0,,,,2.0,,2.0,,1.0,,,,,,,,,1.0,,,,,,1.0,,,,,1.0,,,,,,,,,,1.0,,4.0,2.0,2.0,1.0,2.0,2.0,7.0,2.0,1.0,,,,,,,,,1.0,1.0,,,,,,,1.0,,,,,,,,,,,,,,,,,,,,,,
35,18,8693423.790000001,5,10.0,212.0,469.0,103.0,1.0,,340.0,22.0,49.0,195.0,,5.0,,5.0,1.0,2.0,3.0,96.0,50.0,,,19.0,,140.0,,,20.0,,86.0,12.0,5.0,575.0,70.0,41.0,,,,,3.0,5.0,,,3.0,,1.0,,,,,,,,2.0,,,,,,,,,,,1.0,,,,1.0,,1.0,,,,,,5.0,,,,,,,,,,,,,,,,,,,,,,,,,,,,,3.0,,,,,,,,1.0,,,,,,,,,,,,1.0,,,,,,,,,,,,7.0,,,2.0,,,4.0,1.0,,,,,,,,,,,,,,,,,,1.0,,,,1.0,,,,,,,,,,,,,1.0,,,,,
36,10,2415878.52,4,6.0,222.0,486.0,71.0,2.0,2.0,325.0,15.0,45.0,248.0,,5.0,,2.0,3.0,3.0,2.0,141.0,83.0,,,31.0,,186.0,,,15.0,,57.0,18.0,,465.0,87.0,6.0,,,,,7.0,,,,,,,,,,,,,,2.0,,,,,,,1.0,,,,1.0,,,2.0,,,1.0,,,,,,2.0,,,,,,,,,,,,,,,,,,,,,,,,,,,,,,,,,,,,,,,,,,,,,,,,,,,,,,,,,,,,,3.0,1.0,,1.0,,,,3.0,,,,1.0,,,,,,,,,,,,,,1.0,,,1.0,1.0,,,,,,,,,,,,,,,,,,
37,34,6217876.52,3,25.0,595.0,1523.0,232.0,2.0,3.0,684.0,35.0,94.0,392.0,1.0,38.0,,23.0,4.0,3.0,3.0,304.0,464.0,,1.0,66.0,,355.0,4.0,,37.0,,343.0,28.0,3.0,820.0,323.0,10.0,,,,,22.0,,3.0,,1.0,,,1.0,,,,,,,2.0,,,,,,,,,,,3.0,,,2.0,1.0,,1.0,,,,,,9.0,1.0,,,,,,,,,,,,,1.0,,,,,,,,,,,1.0,2.0,,,,,,,,1.0,,1.0,,1.0,,,,,,,,,,,1.0,,,,,,,,,,1.0,,12.0,,3.0,1.0,,,4.0,1.0,,,,1.0,,,,,,,,,,,,,,,,,,,,,,,,,1.0,,,,,,,,,,,
38,3,4439369.17,4,5.0,134.0,294.0,95.0,,,223.0,8.0,36.0,300.0,,2.0,,3.0,,5.0,7.0,73.0,18.0,,3.0,24.0,,164.0,1.0,1.0,7.0,,31.0,17.0,2.0,340.0,22.0,34.0,,,,,4.0,1.0,,,,,2.0,,,,,,,,,,,,,,,,,,,,,,,,,1.0,,,,,,1.0,,,,,,,,,,,,,,,,,,,,,,,,,,,,,,,,,,,,,,,,,,,,,,,,,,,,,1.0,,,,,,,,1.0,,,2.0,,,,1.0,,1.0,,,,,,,,,,,,,,,,1.0,,,,1.0,,,,,,,,,,,1.0,,1.0,,,,,
39,4,10154790.2,6,4.0,169.0,270.0,109.0,1.0,,270.0,12.0,61.0,300.0,,4.0,1.0,1.0,1.0,1.0,2.0,83.0,21.0,,,17.0,,129.0,,,9.0,,59.0,11.0,,515.0,32.0,45.0,4.0,2.0,,,17.0,5.0,2.0,1.0,4.0,,3.0,,,,,,,,,,,,,,,,,,,,,,,,,1.0,,,,,,1.0,,,,,,,,,,,,1.0,,,,,,,,,,,,,,,,,,,,,,,,,,,,,,,,,,,,,,,,,1.0,,,,,,,,1.0,,,2.0,1.0,,,2.0,1.0,2.0,,,,,,,,1.0,1.0,,,,,,,,,,1.0,,,,,,,,1.0,,1.0,,1.0,,,,,,,
40,10,6491878.9799999995,2,1.0,168.0,447.0,104.0,,1.0,323.0,19.0,61.0,325.0,,3.0,,2.0,1.0,1.0,5.0,127.0,36.0,,,11.0,,128.0,,,8.0,,52.0,16.0,5.0,738.0,14.0,35.0,,,,,,2.0,,,,,1.0,,,,,,,,1.0,,,,,,,1.0,,,,1.0,,,,,,,,1.0,,,,1.0,,,,,,,,,,,,,,,,,,,,,,,,,1.0,,1.0,,3.0,,,,,,,,,,,,,,,,,,,,,,,,,,,,,,,,2.0,1.0,,,,1.0,5.0,1.0,,1.0,,,,,,,,,,,,,,1.0,,1.0,,,,,,,,,,,,,,,,,,,,,,
41,2,,1,4.0,124.0,268.0,54.0,17.0,,164.0,4.0,124.0,482.0,,,,1.0,1.0,,3.0,118.0,155.0,,,16.0,,149.0,,,12.0,,19.0,11.0,6.0,540.0,7.0,,,,,,,,,,,,,,,,,,,,,,,,,,,,,,,,,,,,,1.0,,,,,,,,,,,,,,,,,,,,,,,,,,,,,,,,,,,,,,,,,,,,,,,,,,,,1.0,,,,,,,,,,,,,,,,,1.0,1.0,,,,,1.0,,,,,,,,,,,,,,,,,,,,,1.0,,,,,,,,,,,,,,,,,,
42,53,,13,14.0,365.0,967.0,500.0,3.0,4.0,498.0,66.0,260.0,1060.0,,8.0,,23.0,8.0,1.0,9.0,323.0,126.0,,,13.0,,230.0,1.0,1.0,90.0,,240.0,29.0,2.0,2967.0,178.0,,,,,,,,,,,,,,1.0,,1.0,,,,,,,,,,,,,,,,1.0,1.0,,,,,,6.0,,1.0,1.0,,4.0,,,,,1.0,,,1.0,,1.0,,,,,,,1.0,3.0,,1.0,,1.0,,2.0,1.0,,,1.0,,,1.0,,2.0,1.0,,,,1.0,,,,,,4.0,,,1.0,4.0,1.0,,1.0,1.0,1.0,3.0,,,,,,5.0,4.0,10.0,1.0,1.0,7.0,11.0,6.0,3.0,1.0,,1.0,,,,,,,,,,,,,,1.0,,,,3.0,,,,,,,3.0,1.0,,,1.0,,1.0,,,,,
43,3,,3,10.0,83.0,193.0,116.0,,2.0,199.0,6.0,48.0,355.0,,1.0,,,1.0,,2.0,84.0,3.0,,1.0,3.0,,79.0,,,5.0,,90.0,10.0,3.0,826.0,6.0,,,,,,,,,,,,,,,,,,,,,,,,,,,,,,,,,,,,,,,1.0,,,,,,,,,,,,,,,,1.0,,,,,,,,,,,,,,,,,,,,,,,,,,,,,,,,,1.0,,,,,,,,,,,,,,,,,,1.0,,1.0,1.0,,2.0,,,,,,,,1.0,,,,,,,,,,,,,,,,,,,,,1.0,,,,,,,,,,1.0,
44,12,,1,5.0,156.0,316.0,128.0,2.0,1.0,182.0,22.0,79.0,383.0,,,,4.0,6.0,1.0,6.0,173.0,12.0,,1.0,3.0,,112.0,,,22.0,,96.0,8.0,6.0,1077.0,4.0,,,,,,,,,,,,,,,,1.0,,,,,,,,,,,,,,,,,,,,,,,,,,,,,,,,,,1.0,1.0,,,1.0,,,1.0,,,,,,1.0,,,,,,,,,,,,,,1.0,,,,,,,,,,,1.0,,,,1.0,,,,,,,1.0,1.0,,,,,,4.0,,,1.0,1.0,1.0,,,,,,,,,,,,,,,,,,1.0,,,,,,,,,,,,,,,,,,,,,,
45,12,11135256.42,2,1.0,193.0,389.0,120.0,1.0,,275.0,7.0,56.0,390.0,,2.0,,4.0,4.0,,4.0,95.0,26.0,,,21.0,,160.0,,,7.0,,62.0,12.0,3.0,550.0,17.0,64.0,2.0,,,,3.0,7.0,2.0,1.0,2.0,,3.0,,,1.0,1.0,,,,,,,1.0,,,,1.0,,,,,,,,,,1.0,,1.0,,,,1.0,,,,,,,,,,,1.0,,,1.0,,,1.0,,,,,,,,,1.0,,,,,,,,,,,,,,,,,,,,,,,,,,,,,,,,,,,1.0,1.0,2.0,1.0,,1.0,2.0,2.0,,,,,,,,,,,,,,,,,,,,,,,,,,,,,1.0,,,,1.0,,,,,,,
46,46,4652193.44,3,3.0,214.0,458.0,88.0,2.0,1.0,238.0,19.0,65.0,365.0,,3.0,,8.0,4.0,,3.0,106.0,35.0,,1.0,15.0,1.0,133.0,,,16.0,,98.0,12.0,,818.0,20.0,29.0,,,,,,1.0,,,1.0,,1.0,,,1.0,,,1.0,,3.0,,,2.0,,,,,,,,,,,1.0,,,1.0,,1.0,,,1.0,5.0,1.0,1.0,,,,,,,,1.0,,1.0,,4.0,,,,,,,,,,1.0,1.0,1.0,1.0,,2.0,,,,,,,,1.0,1.0,,,,,,,4.0,,,,1.0,,1.0,,1.0,,2.0,,,,,,6.0,1.0,7.0,3.0,1.0,2.0,4.0,2.0,,,,,1.0,,,,,,,,,,,,,1.0,,,,,,,,,,,,,,,,,,,,,,
47,36,18755109.15,11,6.0,116.0,192.0,178.0,1.0,,223.0,15.0,56.0,414.0,,2.0,,3.0,4.0,,3.0,106.0,14.0,,,12.0,,92.0,,,9.0,,68.0,12.0,2.0,812.0,6.0,85.0,1.0,,,,13.0,8.0,,,,,3.0,,,,1.0,1.0,,,1.0,,,,,,1.0,1.0,,1.0,,,1.0,,1.0,,,1.0,,2.0,,,,2.0,1.0,,,1.0,,,,,1.0,,1.0,,,,,,,,,,,,,,1.0,1.0,,1.0,2.0,,1.0,,1.0,1.0,,,,,,,,,,,1.0,1.0,1.0,,,,,,,,,,,,,,4.0,1.0,2.0,2.0,2.0,3.0,6.0,4.0,,2.0,1.0,,,,,,,,1.0,1.0,,,,,,,,,2.0,,,,,,,,1.0,,,,1.0,,,,,,1.0,
48,13,8410483.45,3,4.0,186.0,452.0,99.0,,1.0,217.0,22.0,45.0,317.0,,3.0,,3.0,1.0,2.0,,57.0,17.0,,1.0,8.0,,128.0,1.0,,10.0,,68.0,16.0,3.0,697.0,11.0,57.0,2.0,,,,2.0,1.0,,,1.0,,2.0,,,,1.0,1.0,,,1.0,,,,,,,,,,,,,,,,,1.0,,1.0,,,,3.0,,,,,,,,,,,,,,,,,,,,,1.0,,,,,1.0,,,1.0,,,,,,,,,,,,,,,,,,,,,,,,,,,,,,,,4.0,,,1.0,,1.0,3.0,1.0,,,1.0,,,,,,,,,,,,,,,,,,,,,,,,,,1.0,,,,,,,,,,1.0,
49,39,746010.0700000001,1,1.0,273.0,627.0,120.0,,5.0,445.0,32.0,65.0,307.0,,6.0,,9.0,2.0,2.0,4.0,104.0,57.0,,,18.0,1.0,181.0,1.0,1.0,10.0,,117.0,23.0,6.0,843.0,35.0,7.0,,,,,,1.0,,,1.0,,,,,,,,,,2.0,,,,1.0,,1.0,2.0,,,,,,,1.0,,,1.0,,2.0,,,,5.0,,,,,,,,,,,1.0,1.0,1.0,1.0,,,2.0,,,,1.0,,,,,1.0,,1.0,1.0,,,,1.0,1.0,,,,1.0,,,,,,,1.0,,,,,,,,,,,,,1.0,,,5.0,2.0,2.0,1.0,2.0,2.0,5.0,,,1.0,,,,,,,,,,,,,,,,,,,,,,,,,,,,,,,,,,,,,,
50,9,4488344.09,1,4.0,174.0,430.0,139.0,,3.0,292.0,5.0,46.0,269.0,,4.0,,1.0,2.0,1.0,2.0,97.0,32.0,,2.0,18.0,,120.0,,,8.0,,76.0,14.0,1.0,600.0,22.0,29.0,,,,,,1.0,,,,,,,,,,,,,,,,,,,1.0,,,,,,,,,,1.0,,,,,,,3.0,,,,,,,,,,,,1.0,,,,,,,,,,,,,,1.0,1.0,,1.0,,,,,,,,,,,,,,,,,,,,,,,,,,,,,,,,4.0,,,,2.0,,3.0,1.0,,,,,,,,,,,,,,,,,,,,,1.0,,,,,,,,,,,,,,,,,,,
