PROJECT_NAME,WARD,INCENTIVE_AMOUNT,TOTAL_PROJECT_COST,JOBS_CREATED_ASPIRATIONAL,JOBS_RETAINED_ASPIRATIONAL
1031 Hans LLC,37,150000.00,533355.00,,
1375 W Lake St LLC,27,150000.00,900000.00,0,35
1800 W Lake LLC,27,47700.00,95400.00,,
"4311 S. Halsted, LLC (Landlord)",11,87350.63,116467.50,1,0
Ace Styline Furniture,27,50000.00,115196.00,,
AGB Investigative,19,1562.50,3500.00,,
Albany Park Auto Clinic,39,9950.00,19900.00,,
All About Dance,2,150000.00,239678.97,4,10
Am Sewing Dynamics,37,50000.00,100000.00,,
Allied Metal Co.,37,150000.00,444760.00,3,72
Ameer General Merchandise #2,33,16250.00,32500.00,,
"Beechtree, Inc. dba All Day Montessori",19,100000.00,157159.00,4,15
Bearse Manufacturing Inc,26,15262.50,30752.00,,
"Blue Island Wholesale Produce, Inc.",25,92400.00,184800.00,4,12
Bright Star Management,25,134702.20,191994.15,0,8
Bubbly Dynamics LLC,3,45000.00,92400.00,,
Cedars Mediterranean Kitchen LLC,4,89945.63,123805.80,2,23
Casper Inc. dba Retro Cafe and Restaurant,30,28814.29,48500.00,6,4
Chromium Industries Inc,28,50000.00,105550.00,,
"Conecta Group, Inc.",26,96775.16,129033.55,1,3
Demera Ethiopian Restaurant,46,50000.00,66720.00,2,27
Division St Business Development Association,26,100000.00,160950.00,0,1
Doris Photo Studio,26,43439.99,106651.07,,
Ed Spiwak,24,50000.00,103000.00,,
DSBDA Enrique Salgado,26,50000.00,100000.00,,
Fashion Corner,8,37516.25,75032.50,,
Franconello Restaurant,19,100000.00,133977.28,0,13
Franklin Williams Enterprises Inc,27,107250.00,143311.00,,
Gabriela Mendoza,11,33265.50,44354.00,,
Illinois Engraving & Manufacturing Co.,47,4625.50,9600.00,0,6
Ivory Cleaners,24,6440.00,12880.00,,
Joann Ruiz,40,150000.00,219500.00,5,
Laminet Cover Co.,37,31500.00,63000.00,2,13
Landlord,26,38617.30,77234.60,,
Law Offices of Cindy Huang,40,71598.75,95465.00,,
Lawrence Dental Group PC,35,97897.17,177994.85,,
"Lickity Split FC&S2, LLC dba Lickity Split Frozen Custard",50,22000.00,59031.65,15,0
Lincoln Square Athletic Club LLC,47,150000.00,1294560.46,,
"Little Goat, LLC",27,150000.00,1330237.00,140,0
LP's Wash-O-Matic,6,49407.60,66663.00,,
"M & M Box Partition Co., Inc.",26,26668.00,53336.00,1,28
M Henry Bistro,48,149991.00,299982.86,23,28
Lysinski Ltd -Dental,45,53350.00,106700.00,,
Madison Pine Dental Clinic,29,10826.22,21652.44,,
Marv-o-lus Mfg Co,27,50000.00,122000.00,,
Midway Cap Merle Sbertoli,31,20781.00,41562.00,,
"Mob Town, Inc.",33,88757.81,118343.75,1,2
Myong Yul Kim,39,44980.00,122800.00,,
"O'Brien Metal, Inc.",2,37950.00,75900.00,4,8
Pancakes Crepes Amour,8,22446.61,44893.22,53,7
"Resource Point of Sale, LLC",2,150000.00,316852.00,10,34
Robin's Food Distribution,27,97533.32,201855.63,,
Spoil Me Hair Salon,46,57383.32,76511.09,6,0
Strip Wax Bar,25,47868.75,63825.00,4,4
Than Tai Investments LLC,9,152750.00,237500.00,,
The Ecumenical Institute,46,106847.50,213695.00,34,
The Icon Group Inc,28,145358.55,290717.10,6,6
The Preston Bradley Center,46,131625.00,175500.00,3,10
"The Gleason Law Group, P.C.",45,15562.50,20750.00,0,3
TNT Vending,19,35355.28,53395.00,,
Turn Back the Hands of Time Antiques,29,58901.80,78535.73,2,0
Vincent Gerage,45,11805.75,18836.00,,
"Precious Little Ones Learning Center, Inc.",3,16720.00,25497.00,5,8
Indie Café,48,7617.25,10156.33,5,13
"Wingz around the World, Corp. dba Bronzeville Wings",3,7875.00,10500.00,5,5
"Constellation Arts LLC & At Pluto, Ltd",32,12577.50,16770.00,4,5
"Marina Cartage, Inc.",11,110802.00,221604.00,9,2
The Stutz Co.,28,26948.00,53896.00,2,16
"Caseline, Inc.",28,150000.00,352881.04,0,4
Half Italian Grocer LLC,35,132361.69,176482.25,27,
See Spot Run Kennel Inc,27,81908.26,109210.31,2,6
Wilson Property Management,20,117072.04,156096.05,6,
"Kappa Vis, Inc. dba Bake for Me",11,1241.25,4965.00,0,0
"Shoe Stop 92, Inc.",20,100000.00,140700.00,0,3
Case Paper Company,11,40271.59,80543.18,2,71
"Stellar Recognition, Inc. dba Sports Awards, Inc.",39,43925.50,87851.00,0,0
Great Chicago Food & Beverage,50,84000.00,127100.00,2,
"Midway Pro Auto, Inc.",13,78941.80,105255.73,2,2
"CJK Foods, LLC dba Kitchfix",27,44850.00,59800.00,10,55
Some Like It Black Creative Arts Bar,4,19725.00,26300.00,1,2
Aqua World USA Inc,40,50000.00,99800.00,,
Potomac Cleaners,26,100000.00,152005.00,0,2
Phoenix Bean LLC,48,69300.00,154450.00,1,10
"Jeff's Drive-In, Inc. dba Jeff's Red Hots",45,32212.50,42950.00,2,3
American Soda Fountain Inc,27,957.00,2090.00,,
The Roscoe Company,24,145022.23,298290.46,0,65
VZN Eyecare,49,35000.00,62000.00,8,6
"OM Fine Linen, Inc. DBA Down Under",40,100000.00,147651.30,1,1
Chii Clothing Company dba Culture Studio,11,13990.00,31680.00,5,65
"Casa Blanca Realty, LLC dba Remax Casa Blanca Realty",31,19500.00,44500.00,20,4
REB Steel Equipment Corporation,36,145738.60,291477.20,,
Kyu Ok Yo,39,990.00,1800.00,,
Chicago Printmakers Collaborative,40,100000.00,191634.02,0,0
Great Chicago Food & Beverage,50,7464.82,14929.63,,
"Miller Chicago, LLC - Real Estate Broker",28,50000.00,75791.56,10,14
"Buci, Inc. dba City Olive",40,16212.11,21616.15,3,2
Law Offices of McCready,19,12285.32,24570.63,0,9
Sean Ghassemi,2,83236.73,117770.00,0,3
Ellana Designs Boutique,6,72975.00,97300.00,,
NJ Hot Dog Stand,24,44600.00,89200.00,,
Manske Dieckman Thompson,46,45812.25,92787.81,,
Plants Inc,47,2132.89,7755.96,,
Jilee Insurance,40,38126.91,76253.82,,
Fashion Corner,8,44764.16,89528.32,,
Herbert Brusso,47,12591.00,16788.00,,
"S.W. Crew, Inc. dba Crew Bar + Grill",46,50000.00,84891.88,0,22
"All Weather Specialist, Inc.",34,69753.75,94200.00,2,4
Vita Food Products,27,150000.01,289575.93,,
Orchestra Hall Recording Studio,1,72684.00,96912.00,,
Doshi Distributors,30,50000.00,101150.00,,
Christy Family Partnership,10,24789.50,49579.00,,
Prepare To Win,45,50000.00,143443.00,,
Crystal's Unisex,15,44681.25,59575.00,1,4
Maria's Needle Craft,15,100000.00,149539.50,0,3
Bald Eagle Foods Inc,34,119014.50,164000.00,5,5
Professional Eye Center PC,5,50000.00,67295.00,4,4
"Empire Cooler Service, Inc.",27,28908.80,57817.60,,
Penthouse Hairstyling,38,100000.00,134791.00,7,5
Jellybean Learning Center,8,54450.00,72600.00,3,12
Metropolis Coffee Co LLC,48,150000.00,300000.00,,
Workforce Language Services LLC,35,80618.24,122870.98,,
Steiner Industries,39,110147.90,220295.79,,
Andres Flores,49,40537.50,54900.00,5,0
"House of Hair, Inc.",45,60392.43,80523.24,2,2
Rudy's Cyclery Inc,38,8125.68,16328.15,,
GB Group Inc,47,30937.50,45500.00,6,
"Bokster Properties, LLC",11,100000.00,162225.00,10,0
Capitol Carton Co,27,30212.50,60425.00,,
Naub LLC,3,100000.00,164330.00,0,24
"UA Fitness, LLC dba Urban Athlete",47,50000.00,354869.55,7,7
Taj Sari Palace,50,42900.00,58304.48,2,2
"Koko Autos, Inc.",24,34575.00,46500.00,1,1
"MCM Pub & Liquor, Inc.",45,84892.50,113450.00,1,7
State Farm Insurance - Shane Parekh,45,62580.00,83440.00,5,6
Chesterfield Tom Thumb Daycare,9,5539.50,11079.00,,
West End Tatas Pizza Inc,19,18234.00,36468.00,,
Jane Addams Delta Development,47,5587.50,7450.00,,
New Age Chicago Furniture Co,4,115303.44,230606.88,2,
"Vent Products Co., Inc.",24,150000.00,450531.00,4,32
Latino Plus,35,76271.25,101695.00,1,1
"Lake Street Landscape Supply, LLC",27,14922.50,29845.00,0,19
Prism Optics Inc,30,37834.75,51360.31,1,4
Anmar Foods,27,76443.62,152887.23,,
Wiremaster's Inc,11,15607.50,28870.00,,
Pastorelli Food Products Inc,27,46696.96,125000.00,2,15
Colemans BBQ #2,29,100000.00,159103.28,0,7
"Debit Connections, Inc. dba DCI",39,7500.00,15000.00,10,21
Harrity's Sports Bar & Grill,31,124740.00,186188.00,13,5
Elaborations,19,1416.00,1888.00,0,1
Uru-Swati Companies LLC,50,129423.53,216633.16,24,
"Go Cycles, LLC",2,50000.00,91348.39,4,6
LP's Wash-O-Matic,8,45351.00,60468.00,3,2
Café Colao,26,16121.81,21495.74,,
"Hong Ngu, Inc.",48,50000.00,107010.00,5,0
Sarah's Circle,46,100000.00,571782.50,14,9
Beyond Design Inc,47,50000.00,204955.36,2,15
T & J Plumbing Inc,30,18902.00,37804.00,,
Mom's & Dad's Deli (sole proprietorship),13,81798.05,109064.06,1,2
La Fonda Latino Grill,48,22335.00,29780.00,2,5
"Pilates Chicago, Inc.",48,6381.77,10634.52,3,3
The Windsor Tavern,45,21712.23,50000.00,,
"TI Ruk, Inc. dba Ruk Sushi & Thai",45,10412.06,13882.75,3,4
Young Taek Cho - Landlord,39,76520.00,125520.00,0,3
"New Look Apparel, Inc.",28,46500.00,62000.00,1,2
"Suhland Coin Laundry, Inc.",26,100000.00,135300.00,0,4
Ana Maria Saenz - 8832 S. Commercial,10,60210.00,82025.00,4,0
"1751 West 35th Street, LLC",12,57139.50,119003.03,0,3
"Concept Laboratories, Inc.",2,150000.00,322555.00,8,81
Austin Special Chicago,45,107000.00,214000.00,0,44
Park's Custom Furniture,1,14000.00,28000.00,,
"Diana's Daycare Center, LTD",48,28500.00,38000.00,2,1
Schulhof Company,47,150000.00,515679.00,,
Estee Bedding Co,8,18287.50,36575.00,,25
Farhad Nikamalfard,26,91327.50,121770.00,0,3
Armitage Ave LLC,1,14513.40,27500.00,,
Saving Our Sons Ministries,28,83737.50,134875.00,8,3
"Eats and Sweets Cafe Inc./Humble Cafes, Inc.",46,50000.00,106266.54,7,0
"Phd Electronics, Inc.",24,50000.00,67500.00,0,3
Juan Martinez,15,150000.00,209072.32,,
Indie Café,48,50000.00,91046.47,5,13
"Romaine Empire, LLC dba Farmer's Fridge",27,30177.12,60354.23,12,30
DOD Corp,39,150000.00,210312.00,3,3
Ravenswood Center LLC,47,50000.00,102854.37,,
Maria Gonzalez,26,15920.25,21227.00,0,7
Kasmersky Animal Services Ltd dba Broadway Animal Hospital,48,69260.00,150547.50,4,15
Seoul Pharmacy Inc,35,19566.84,78267.36,,
Richardson Seating Corporation,28,150000.00,514263.00,0,55
"Ideal Real Estate, LLC",19,19282.50,26200.00,1,1
"Simply Soups Salads & Sandwiches, Inc.",4,16512.00,22016.00,2,7
Jane Addams Development Corporation - 4432 N. Ravenswood,47,25300.00,50600.00,0,55
Mabes Deli Incorporated,6,27289.50,36400.00,3,7
Nancy Martinez,26,10251.26,20502.51,,
"Chicago Turnrite Co., Inc.",28,150000.50,350460.00,3,
Ex-Cel Corned Beef Co,27,12725.50,25451.00,,
"Skolnik Industries, Inc.",14,80034.75,160071.50,0,95
"Atomic Imaging/Adama, LLC/Golan Productions",27,62900.00,192433.00,1,11
"Topnotch Silkscreening, Inc.",12,35500.00,106750.00,2,10
R & R Glass & Windows,30,41523.50,83047.00,32,3
"The Barclay Law Group, P.C.",4,100000.00,740415.00,4,7
Hilary's Cookies Inc,40,10133.45,22679.00,,
Key Food Services,11,150000.00,547000.00,10,37
Bark Bark Club,48,25500.00,35330.00,1,20
Norwood Paper,23,150000.00,300292.20,0,17
Creative Salon 1 Creative,24,47144.71,62859.60,,
"Precious Little Ones Learning Center, Inc.",3,83280.00,111040.00,8,14
Crawford Sausage Co.,22,32495.00,64990.00,0,12
Mercury Plastics,31,128738.50,272320.00,3,
Reliable Plating Corp,27,143910.49,287820.97,,
A Relaxed You Inc,19,50000.00,112945.17,,
Staropolska,30,149999.99,236680.00,,
Wheelwright Inc,19,2575.00,5150.00,,
T Salon & Gallery,47,1536.90,3073.80,,
Imtiyaz Patel,39,7084.59,25000.00,,
Kodiak LLC,22,141650.00,283300.00,0,15
Daily Meat Supply inc,27,150000.00,1450000.00,2,5
Chicago Kalbi Restaurant,39,6211.00,12422.00,,
Latin Rhythms Academy of Dance & Performance,27,150000.00,255957.35,6,15
Mr Floyd Bolden,24,50000.00,75000.00,,
Carmela Aiello,39,60267.00,80356.00,16,7
"The Acevedo Life Shop, LLC",37,108865.11,217730.22,4,4
Yong Chul Park,1,96000.00,128000.00,2,2
"Smart from the Start, LLC",35,24750.00,33000.00,0,20
YMV LLC,28,116593.13,157283.75,1,3
Standard Steel & Wire,27,14300.00,37380.00,2,48
Charter Steel Trading Co Inc,24,121316.70,242633.40,0,92
Jorge Torres,20,100000.00,127175.00,10,0
Chicago Game and Gourmet,11,83638.00,192228.00,5,7
Flat Enterprises Inc dba Alliance Paper & Food Service,27,34884.00,70405.50,,
Sofy's Beauty Salon,35,8381.25,11175.00,1,2
Upton's Naturals Co.,37,142901.79,296028.57,15,50
David Vondle,35,8175.00,10900.00,,
Golden Foods,37,19500.00,39315.00,,
A Gomez Tires & Wheels,37,92579.50,185159.00,,
Robbins Management LLC,47,30350.00,60700.00,,
Carroll House X LLC/ Trope Publishing,27,100000.00,604361.55,6,6
Rangel Rangel & Associates,35,50000.00,115547.00,,
Maria Gonzalez - Landlord,26,15900.00,21200.00,14,6
The Toy Business,32,13488.75,16350.00,4,0
4353 Management LLC,47,39328.50,78657.00,3,
"Rfmetalworks, Inc.",47,11921.25,17150.00,1,3
Harlan Gordon,27,150000.00,398297.20,,
Business Link International Medical Supply,18,66247.50,95620.00,0,7
Constantinos Stavropoulos,13,50000.00,238345.00,,
"Sauganash Stores, LLC",39,97645.18,130193.57,4,9
"ABI Financial Services, Inc.",45,149992.50,199990.00,0,5
"Stellar Recognition, Inc. dba Sports Awards, Inc.",45,65370.15,134626.45,,
Kinzie Industrial Development,27,50000.00,100000.00,,
Irma Curiel,35,23231.25,30975.00,0,3
Rudy's Cyclery Inc,38,10299.75,13733.00,0,8
2016 Iowa LLC,47,40000.00,124456.05,,
Flying Pan,4,49752.54,99505.07,,
Sunny 2000 Corp dba Lincoln Karaoke,40,150000.00,300000.00,,
Family Rescue,8,100000.00,221736.53,0,55
Wichita Packing Company,27,80779.88,208519.20,6,57
Safa Moayyed - 2525 W. North Ave.,1,96631.00,149815.50,4,3
Information Technical Institute,47,34726.06,68000.00,,
Joel Hall Dancers & Center,48,15877.50,21170.00,5,35
"CLCET, Inc.",10,112500.00,179000.00,,
"Edge of Sweetness, LLC",48,88948.00,166463.66,7,0
Ana Maria Saenz,10,60000.00,95000.00,4,0
Seward & Szczygiel P C,45,17122.50,22830.00,0,0
River North Storage,27,2350.00,4700.00,,
Seeds of Joy Daycare,46,20962.50,27950.00,13,11
TRE Kronor Restaurant,39,50000.00,107500.00,,
Japanese American Service Committee of Chicago,46,100000.00,134621.00,0,10
Justin Blair & Company,22,68149.00,370830.00,1,33
Annapurna Fast Food,50,123300.00,350000.00,,
"Chicago's Pulse CPR Training, Inc.",19,25863.75,34485.00,8,4
Scott Spector Chicago Music Garage,27,50000.00,120000.00,,
Royal Envelope Corporation,11,42640.00,85280.00,0,82
Wheelwright Inc,19,1689.50,3379.00,,
That's Wassup Bakery and Café,2,49900.00,99800.00,,
"Luxe Bridal Rack, LLC",1,50000.00,110772.00,2,0
Churchill Associates,27,150000.00,590329.80,,
POW! Mixed Martial Arts School Inc,27,49223.08,98446.15,,
Beverly Area Planning Association,19,100000.00,189222.48,0,0
Nail Works!,34,45000.00,90000.00,,
Paris Drapery,35,21435.00,28580.00,,
Mabes Deli Incorporated,6,78913.73,110830.74,6,0
Façade Rebate Project,19,1703.90,0.00,,
Diana Lopez-Obaldo,26,48731.25,64975.00,5,5
Automatic Anodizing,35,96709.00,193418.00,0,25
Vernon Spells & Latoya Hudson-Spells,8,100000.00,157275.52,12,0
"Katz & Miller LLP, now known as Katz, LLC",50,150000.00,359692.00,4,6
Laystrom Manufacturing Co,35,66497.20,156685.00,10,10
"Felines, Inc.",40,100000.00,237984.21,9,5
Gus Berthold Electric Co,27,145980.00,288950.00,,
L. Robinson & Associates,3,100000.00,151542.00,2,3
North Park Auto,33,2450.00,4900.00,,
"Triton Industries, Inc.",37,68309.80,136619.59,5,60
Bernacki & Associates Inc,27,31997.50,100000.00,,
3256 Pizza Bravo,39,50000.00,69550.00,,
Paul Tsakiris,45,148115.00,296230.00,,
Secure Eco Shred,39,2950.00,5900.00,,
"Las Tablas on Irving, LLC",45,150000.00,230000.00,7,15
Dae Y. Kim,8,91875.00,122500.00,2,5
"Jordan Mozer & Associates, Ltd",27,100000.00,137091.97,3,6
Damron Corp,28,59675.00,154825.00,,
La Villa Restaurant Inc,45,16125.00,66500.00,3,45
"The SMB Help Desk, Inc.",47,8934.55,11912.73,0,19
AA US Carpet,45,24486.68,75000.00,,
"Apex Construction Group, Inc.",39,113868.68,236926.50,35,15
"Marcat, Inc. dba Anmar Foods",27,78416.74,157454.58,,
Gerald Jones Wood Floors - A Natural Flooring Company -,31,14500.00,23200.00,2,2
Six Corner Bakery,45,84150.00,121280.53,0,2
West Humboldt Park Family & Community Development Council,27,51725.00,141204.00,3,6
Michael Manning,10,89909.17,119878.89,7,
Jeun Sik Son,50,150000.00,204850.00,7,
"Hewitt Horn, Inc./400 N. Paulina, LLC",27,15927.00,38761.00,2,6
State Farm Insurance,13,12187.50,16250.00,3,5
Osman's Auto Repair,27,47960.25,200000.00,,
"Chicago Legal Clinic, Inc.",10,100000.00,133394.00,0,10
Atolito Catering,46,150000.00,203350.00,6,
West End Auto Sales,28,29656.50,59313.00,,
Brian Farquhar,4,52455.00,261733.00,,
Midwest Fence Corporation,27,150000.00,357089.00,28,68
Cedars Mediterranean Kitchen LLC,4,46497.44,100964.61,,
Demera Ethiopian Restaurant,46,92250.00,125296.00,5,13
Three Pillars Wellness Center,4,6425.00,12850.00,,
Active Electrical Supply Co.,39,150000.00,306314.10,0,41
"Chicago Booth Manufacturing, Inc.",29,20061.00,40122.00,3,20
Smitten Boutique LLC,2,5733.75,8200.00,1,1
Byung Chan Min,39,150000.00,300830.27,4,8
Raven Theatre Company,48,98931.08,132365.10,2,8
"Adam Seafood, Inc. dba Shrimp House",8,250000.00,366016.00,6,4
"4GetMeNot, Inc. dba 4Get Me Not Florist",38,100000.00,141957.90,0,6
Bokster Properties LLC,11,100000.00,145050.00,4,11
The Wooden Spoon,46,50000.00,100000.00,,
Stephen Hill,8,110410.91,147214.54,12,11
"Donald A. Cyze, Attorney at Law",19,38976.62,53803.79,0,2
Logan Square Kitchen,35,150000.00,300650.00,,
Drummond Industries Inc,31,7010.85,18494.00,,
B&G Painting & Dec,47,34656.91,69133.81,,
Sandra Pauta,38,100000.00,133704.00,0,1
"Jeffery Manor Auto Wash, Inc.",7,31818.75,42425.00,,8
City Tire & Supply Corp,11,78913.34,117688.10,1,9
Paws & Claws Daycare Inc,47,149999.00,380000.00,,
John Taylor Wallace,11,97644.23,131252.39,2,0
"Basa Projects, LLC",35,17391.00,23630.00,0,0
TECA ThermoElectric Cooling America,31,18920.21,37840.41,,
Garcia's Resturant Luis Garcia,47,150000.00,305000.00,,
South Chicago Parents and Friends of Retarded Children,10,33275.50,133102.00,0,0
Del-Kar Pharmacy Inc,24,10333.13,14125.00,4,1
"Modern Process Equipment, Inc.",22,150000.00,484412.16,15,75
"Ops 3, LLC dba Screen Works / The Show Department",27,70870.00,141740.00,0,70
Stanley Spring and Stamping Corp.,45,103567.58,207135.15,5,70
"Chicago Glass Block, Inc.",13,20737.50,27650.00,1,5
"CMY Broadway, LLC, dba Sun Wah BBQ",48,44686.11,89372.21,0,25
Stinston Dental Facility,8,86348.12,172696.23,,
"Element Bars, Inc.",31,52485.00,104970.00,4,19
"Graff Enterprises, Inc. dba The Flower Cottage",11,100000.00,134200.00,0,4
Sharon Hicks,29,37754.09,50338.79,,
"Hallberg-Valek Agency, Ltd.",19,12705.00,39600.00,0,22
Bumper City,37,5397.49,10794.97,,
Limitless Creative Co.,25,150000.00,1307174.39,15,27
Dr O'Malley Optical,26,1000.00,2000.00,,
Park's Custom Furniture,1,145435.67,193914.22,5,3
"Kids Future Day Care Center, Inc.",46,50000.00,569000.00,12,0
Amy's Candy Bar Inc.,47,11017.88,15780.22,1,5
"Broadway Medical Office, S.C.",48,100000.00,142374.50,2,3
Ann Ristic,45,32314.50,64629.00,,
John Payne,26,30942.13,56500.00,,
Ssyal Ginseng House,39,97835.00,133576.71,1,0
Chii Clothing Company dba Culture Studio,11,17950.00,35900.00,20,20
Fortineaux Associates,19,53516.25,71355.00,4,2
"Bernacki & Associates, Inc. & Oakley Interiors",27,33467.25,79134.50,2,11
"K Industries, Inc. dba Veg Head",47,50000.00,72500.01,3,0
Wicker Heights Construction Co Inc,27,50000.00,68965.00,,
Chromium Industries Inc,28,91719.23,183438.46,2,
Marc Barney,31,40125.00,53500.00,4,40
Polly Prim Cleaners,22,100000.00,157600.00,6,3
RPN Sales,45,50000.00,120000.00,,
Mt Greenwood Local Redevelopment Corp,19,16574.87,33149.75,,
Kelly's Banquet Hall,24,49500.00,66000.00,,
"LeKula Cafe, Ltd.",34,50000.00,195875.59,8,0
Doshi Distributors,35,51073.00,92860.00,,
Genesis Beauty Salon,24,38750.00,77500.00,,
Jerome Kadleck DDS,30,18955.00,37910.00,,
Asiana & Co,39,13850.00,27000.00,,
Phoenix Bean LLC,48,3350.00,6700.00,2,2
Custom Built Construction Inc,35,50000.00,103750.00,,
Rangel Rangel & Associates,35,50000.00,186000.00,,
"Cosmopolitan Continental Cafe, Inc. dba Lutnia Restaurant",30,50000.00,77500.00,0,5
"HT Central Development, LLC",29,64243.75,256975.00,0,15
"Spectra Merchandising International, Inc.",38,10879.50,24289.00,0,44
Carol Lee,40,94260.00,125680.00,3,1
Pronto Roma Inc,46,42500.00,85000.00,,
Adelaida's Beauty Salon,10,1800.00,2400.00,,
"GreenWay Resource Recovery, LLC",24,62212.50,124425.00,0,0
Laminet Cover Co.,37,4197.03,8394.06,0,18
"Hyde Park Building & Material Supplies, Inc.",4,100000.00,133400.00,0,3
J. K. Kabab House,50,15500.00,31000.00,,
Boulevard Veterinary LLC,1,100000.00,170832.00,8,0
"Taurus Restaurant, Inc.",45,100000.00,153200.00,9,0
Central Gyros Corp,30,19353.00,38706.00,,
"Magnum Transportation, Inc.",11,72300.80,148471.79,3,23
La Parrilla Columbian Steak House,38,106387.75,173767.02,21,
"Network 3050 Western, LLC / American Heritage Fireplace, Inc.",33,14142.45,56569.79,,
Deon's Parfums Colonges & Accessories Inc,8,4266.00,8532.00,,
P Jerome Jakubco,47,7017.03,14034.06,,
Antonio Miceli,47,35394.00,70788.00,,
"Mangololo International, Inc",11,100000.00,136130.07,3,0
Jewelry Design Ltd. dba Under The Wire,25,77147.50,116040.00,1,2
State Farm Insurance,24,64185.25,128370.52,,
"Corporate Identification Solutions, Inc.",39,9444.67,18889.34,2,40
Unique Car Wash Freee Car Care / South Side Taco,17,150000.00,204000.00,10,
Skol Manufacturing Co.,47,19250.00,50245.00,0,13
"A-Ok Automotive, Inc.",23,68307.50,136615.00,3,12
Hebe Moda Salon,31,149755.99,275715.96,9,3
"Mellow Sweets, Inc. dba Jaafer Sweets",33,42476.25,56635.00,1,5
"Sip and Savor Bronzeville, Inc.",4,32822.25,43763.00,5,0
Matt Denny Uptown Recording,46,29245.00,58490.00,,
"Sweet Attila's - A Bake Shop, LLC dba The Growling Rabbit",48,50000.00,98132.17,10,15
Andy Lam,48,82500.00,121000.00,6,7
Bubbly Dynamics LLC,3,53971.40,143923.72,,
Steep Theatre Company,48,50000.00,154364.30,5,2
Darryl & Fylynne Crawford Kimbark Coin Laundry 6,4,37155.00,74310.00,,
Pressure Billiards,40,8525.00,15500.00,,
"112 N Green Street Restaurant, LLC",27,100000.00,511165.00,40,0
Yeimi's Unisex Beauty Salon,47,57246.00,76328.00,3,
Olympia Travel & Tax Services Inc,15,32127.00,42836.00,,
Avondale Auto Repair Inc.,30,100000.00,134000.00,2,3
"Reggie's Bar & Grill, LLC",3,20500.00,45500.00,0,80
"C & O Auto Rebuilders, Inc.",9,50985.50,101971.00,0,10
L & M Welding Co,31,50000.00,111005.00,,
"Tyros Liquors, Inc. dba Fischman's",45,50000.00,264783.50,25,0
Edward Noonan Associates,47,71475.00,153040.00,,
Ene Ki Park,39,19264.66,25686.11,1,5
Chicago Architechtual Metals,37,150000.00,428481.00,,
AJC Restoration Inc,27,36075.00,72150.00,,
"The Drinking Fountain, NFP",26,12675.00,16900.00,0,0
BJ Furniture + Antiques,50,52185.00,69580.00,,3
Wasabi Café,47,150000.00,307983.00,0,5
Chester Kiercul,45,4225.00,8450.00,,
"Thrift & Thrive, Inc. dba Perkolator",38,15180.00,20320.00,3,1
New Age Chicago Furniture Co,4,7893.75,31575.00,,
"Yup Chi Yuen, Inc. dba Friendship Chinese Restaurant",35,50000.00,94110.00,,
"Central Chapel, P.C.",13,46733.78,69413.00,1,10
Pro Autobody Shop,39,20035.00,37970.00,,
Bright Endeavors,47,3795.00,7590.00,,
Dental Care Center,30,100000.00,432488.25,1,2
1664 North Ada LLC,32,110592.03,376536.00,,
"Little Kids Village, Inc.",23,100000.00,231885.10,12,0
"Boulevard Bikes, LLC",32,5971.50,7962.00,2,5
Clarence Hall,6,100000.00,1114650.00,,
"Bubbly Dynamics, L.L.C.",15,127616.47,255232.94,20,65
Addison Pipe & Tube Co,28,150000.00,540531.53,,
Cole's Appliance & Furniture Co.,47,100000.00,140000.00,0,4
Angela Alcala dba Los Altos Restaurant,15,78150.00,104200.00,,
Elcanto Shoes,39,1500.00,3000.00,,
"M & M Coin Laundry, Inc.",40,100000.00,140700.00,0,2
"Debit Connections, Inc. dba DCI",39,51206.00,103612.00,4,22
Hope 4 Us,24,9500.00,36200.00,,
Café Internet Latino Inc,35,55546.50,74062.00,4,
Eric J Lindsay Insurance Inc,24,57546.88,115093.75,,
Aaron Collard,3,22905.01,30540.01,1,5
"T & J Plumbing, Inc.",31,2287.50,3050.00,1,5
Hemina Patel State Farm Insurance,47,15390.00,20520.00,,
Family Den Lounge & Restaurant,8,10015.00,20030.00,17,5
Jong Won Lee dba SC Cleaners and SC Tailor Shop,3,100000.00,138500.00,2,0
Lonnie Peterson,27,8198.00,18280.00,,
"All Products Automotive Inc. & apaWD, LLC",36,74319.00,148638.00,6,35
"Saratoga USA, Inc.",47,92680.13,123573.50,0,2
Beyond Design Inc,47,54635.75,109271.50,1,13
Precision Plating Company,39,49536.00,99072.00,,
Payless Fashion House,30,10395.00,20790.00,,
"JEK Enterprises, LLC",35,100000.00,149300.00,0,4
"Kappa Vis, Inc. dba Bake for Me",11,17175.00,22900.00,0,24
ShowerWorks Inc,37,125564.00,251780.67,,
Complete Car Care,19,44737.50,59650.00,4,3
The Lights of Honor International NFP,10,90757.50,121010.00,1,0
4401 West Kinzie LLC,28,105111.38,140128.00,6,4
"Scientific Control Laboratories, LTD",22,8705.00,17410.00,1,20
Estee Bedding Company,8,95248.00,190496.00,0,34
Amero Building Restoration Inc.,37,90000.00,120000.00,3,7
Nationwide Furniture Distributors Inc,24,38914.50,77829.00,5,25
"Midco International, Inc.",39,56218.83,194589.66,0,70
"Independent Living Solutions, Inc.",39,96743.63,131617.00,0,4
"Mr Frog Car Wash, Inc.",30,100000.00,152657.00,10,0
The Pratt Beach Apartments,49,63150.00,176000.00,40,4
Judith Riedel,19,9750.00,13000.00,,
"N. Henry and Son, Inc.",29,43962.50,87925.00,0,72
Petra Manufacturing Co.,29,14364.00,28728.00,2,40
"Roma III, LLC dba Ashland Value Mart",20,49818.75,66425.00,0,0
"SKW Industries, LLC dba Progressive Coating",29,66843.50,133687.00,6,32
WIA Communications Inc,8,43390.00,75000.00,,
"Chicago Rehabilitation Services, Inc.",14,100000.00,207500.00,5,19
Standard Studios,39,78243.00,156486.00,,
Moothie's Craft Sorbetto & Coffee LLC,4,50000.00,123000.00,26,3
Lickity Split Frozen Custard & Sweets,48,150000.00,210717.00,21,9
Magnus Screw Products Corp,37,31944.00,65948.21,,
"R & R Glass and Windows, Inc.",30,77972.50,107500.00,3,9
Lawn Bowling Inc,13,14491.75,25336.00,,
Jane Addams Development Corporation - 4222 N. Ravenswood,47,88770.00,177540.00,6,78
Northern Greenhouses Inc,27,50000.00,125000.00,,
Kenneth Motew,27,50000.00,145250.00,,
Singer Factory Distributor,45,61426.86,81902.48,2,5
"Midway Cleaners Depot, Inc.",22,82166.06,109554.75,1,2
Jilee Insurance,40,7892.32,15784.64,,
Mosaicos Inc,39,100000.00,135947.00,2,3
"Maddiebird Bakery, LLC",48,15804.03,21072.04,3,1
Tyler Lane Construction,39,150000.00,309688.00,,
"RGB Lights, Inc.",39,150000.00,349070.00,6,0
"Charter Steel Trading Co., Inc.",24,94881.50,189763.00,0,24
Busy Beaver Button Company,35,144416.25,296551.00,4,0
"PAK1CP, Inc. / JJ and Atomic Sub",20,49081.81,68500.00,2,4
"La Fontanella Restaurant, Inc. dba Bacchanalia Restaurant",25,68058.75,90745.00,3,8
Chrisoula Haralampopoulos,27,100000.00,135721.94,0,15
West Grand Corp. dba PJ HVAC,26,97462.50,129950.00,4,2
Ping Dang & Yen Tran,48,98861.08,131814.77,,
"4619 Broadway, LLC / Uptown United",46,55811.25,74415.00,0,8
Pet Care Plus,27,36318.75,48425.00,0,20
A Gomez Tires & Wheels,37,25608.00,35200.00,,
Pulliam Financial Services,19,1267.48,2479.95,,
GB Group Inc,47,24000.00,32000.00,0,0
A-Wire Corporation dba AWC Industries,37,14327.50,28655.00,0,20
"Tom D. Pappas & Associates, Inc. dba Belmont Chiropractic Center",31,18288.00,24384.00,0,3
"The Icon Group, Inc.",28,150000.00,335202.60,1,26
"Kelly Rauch, LLC dba Twice",30,6540.00,10900.00,0,1
Filament Theatre Ensemble NFP,45,50000.00,79102.81,4,1
"Copeland Dental, Inc. dba Copeland Dental Care",38,29883.75,39845.00,3,3
The Windsor Tavern,45,33732.50,81225.00,,
Channings Childcare,29,65813.25,87751.00,2,10
Agencia Y Notaria Cadena,15,96735.75,128981.00,9,2
DANK Haus,40,255352.28,690744.00,1,
Best Friends Veterinary Center,39,18420.00,24560.00,0,0
Crystal & Dominique House of Beauty/Master Thift Store,8,69300.00,92400.00,6,11
HydroAire Inc,37,26247.00,52765.00,,
Great Chicago Food & Beverage,50,27069.48,54138.96,,
Darryl & Fylynne Crawford Kimbark Coin Laundry 6,4,2788.15,5576.29,,
"Capital Auto Body, Inc.",33,100000.00,135000.00,0,3
"3740 West Irving Park, LLC / DuSable Construction, Inc.",45,30921.00,53616.00,0,8
"La Fontanella Restaurant, Inc. dba Bacchanalia Restaurant",25,63375.00,84500.00,8,12
Someone's Treasure LLC,38,48428.25,64571.00,,
Applied Hydraulics Corporation,27,140488.63,286263.28,2,4
Baderbrau LLC,3,150000.00,631191.26,7,0
Katerina's,47,22551.00,30068.00,,
Ivan Carlson & Associates,27,102262.60,232989.00,2,20
"6500 Western, LLC / Taxi Town, Inc.",50,39750.00,79500.00,30,0
REB Steel Equipment Corporation,36,150000.00,301603.20,3,58
W.W. Engineering Company LLC,22,97211.50,194423.00,0,16
Am Sewing Dynamics,37,50000.00,97000.00,,
"STS Ventures, Inc. dba The Wooden Spoon",47,11241.00,14988.00,0,7
"Little Angels Family Daycare II, Inc.",20,21900.00,29200.00,6,12
"Distinct Bath & Body, LLC",45,25479.14,44757.18,6,2
Brian Farquhar,4,97545.00,130060.00,,
Kyuok Yu,28,124488.00,165984.00,2,3
Fletcher Laundry,20,100000.00,134075.00,0,2
Dr Cesar L Lau,45,1724.25,3135.00,,
Milton Alexakos / Trust#255-C,39,100000.00,160000.00,20,5
Building Blocks Inc,27,19316.70,38633.40,,
"YT World Management, LLC",31,100000.00,144180.00,10,2
Beverly Arts Center,19,5869.70,23478.80,0,0
"Circle Creations, Inc. dba Lion Circle",18,50612.50,101225.00,0,42
Socksco Hosiery 2 Gun S Son,33,4682.19,60870.00,,
Advanced Window Corp,37,34767.00,69534.00,4,58
Grant Park Packing Co,27,40250.00,161000.00,,
L. May Creations LLC,29,151795.88,208218.62,2,0
Vital Rehabilitation,38,133903.00,486920.00,,
David Lee,38,9146.25,12195.00,1,1
Chicago Paper Tube & Can Co.,38,23835.00,47670.00,0,29
Plants Inc,47,37917.00,78338.00,,
"Sabor A Mi, Inc. dba Nana",11,103598.59,207658.42,,
Herbert Brusso,47,16755.00,22340.00,,
"TAA Properties, LLC",8,96896.25,129195.00,0,4
"The 823 Project, LLC dba Dokku",27,150000.00,332629.27,52,
Mark Cha - Landlord,40,52481.44,69975.25,7,5
Franklin Williams Enterprises Inc,27,25559.50,61119.00,,
"Empire Cooler Service, Inc.",27,39077.70,78155.40,,
Key Foods Co.,11,12740.12,33128.39,0,36
Laura Llamedo,36,38013.58,76027.15,0,7
Penthouse Hairstyling,38,6696.94,10150.00,2,5
Diana Lopez-Obaldo,26,50000.00,96403.00,,
"Dry Clean Direct of Chicago, Inc.",10,99750.00,133000.00,1,5
"Production Craft, Inc.",27,100000.00,1368030.00,3,5
"Meadowlark Hospitality, LLC",1,100000.00,256140.00,40,1
"Cheddar by Design, Inc. dba Beautiful Rind",1,50000.00,280236.00,9,1
New Sahiba Boutique,50,109274.84,145699.78,10,4
Midwest Screw Products,30,138070.20,276140.40,,
"Jeffery Manor Auto Wash, Inc.",7,44313.00,59084.00,0,8
Hot Spot on Armitage,35,50000.00,120000.00,,
Pratt Beach Apartments LLC,49,42322.00,84644.00,,
Steiner Industries,39,38805.09,77610.17,0,43
Farlow Development,45,114271.58,168076.48,5,
Pancho III Corporation,1,98694.00,131592.00,7,12
"Royal Industries, Inc.",39,55000.00,117229.15,,
Vera Napoleon,27,92079.32,122772.53,3,0
Staropolska Restaurant of Belmont Inc,31,94500.00,129166.15,3,7
Rudy's Cyclery Inc,38,7550.00,15100.00,,
In Ki Lee,33,50000.00,70700.00,,
Design Integrity Inc,27,50000.00,100000.00,,
Koval Inc.,47,150000.00,301199.01,2,46
West Loop Eye Care,25,40526.25,54035.00,0,12
Maria Gonzalez - Landlord,26,18969.00,25292.00,0,9
Michael J Krepps DDS & Associates,13,36820.71,69047.00,,
"Cater Minnis Insurance Agency, Inc.",13,20218.92,29689.05,2,4
BP Electric Motors,47,13456.94,173596.00,,
On the Route Bicycle Corporation,47,50000.00,75775.00,0,4
State Farm Insurance Company,38,11172.00,14896.00,,
"Smashed Plastic, LLC",31,10180.50,20361.00,2,0
Sketchpad Inc.,47,23133.00,34146.86,1,1
"EM Iron Works, Corp",24,24500.00,49000.00,0,3
Wiremaster's Inc. dba The W/M Display Group,11,25625.00,51250.00,0,24
Jane Addams Delta Development,47,1427.25,1903.00,,
Idea Furniture Co.,38,100000.00,148200.00,0,8
Northcenter Chamber of Commerce,47,100000.00,181082.00,0,3
Ravenswood Center LLC,47,100000.00,200000.00,,
Oriental Kitchen Corp,27,101983.00,203966.00,,
"Vector Custom Fabricating, Inc.",27,75064.00,150128.00,1,10
"Lakeshore Audiovisual, Inc.",26,68280.00,136560.00,2,45
"PAT, LLC",29,14802.23,20036.30,0,2
Rocking Horse,35,104844.07,209688.13,,
Richard Romanow,47,96910.00,202163.90,,
"Chicago Booth Manufacturing, Inc.",29,11840.00,23680.00,2,25
"Hard Rock Construction, Inc.",34,28070.25,37427.00,3,2
"M. Henry, LLC",48,14877.69,19836.92,0,
Usmania Restaurant Inc,50,127500.00,303500.00,,
"Midco International, Inc.",39,55598.95,112238.31,0,63
Austin Childcare Providers' Network,29,100000.00,139540.51,2,2
Gold Leaf Design Group Inc,24,56540.00,116496.00,4,
Serenity Family Wellness,27,41122.07,54829.43,4,4
"Southwest Signs, Inc.",13,31036.37,41456.83,0,5
P4P-MDW LLC dba Paradise 4 Paws,23,150000.00,226035.17,80,
Nasser Diab (Landlord - 1654-58 E. 87th),8,11492.25,15323.00,0,0
Irving Park Chiropractic Center S.C.,47,9564.50,17390.00,,
"Martin's Mini Market, Inc.",30,100000.00,137303.00,2,3
"CPP Enterprises, Inc. dba Villa Rosa Pizza",14,100000.00,159550.00,5,10
"Time Treasurers Antiques, Inc.",38,100000.00,134150.00,0,5
1756 W Lake LLC,27,23210.00,47500.00,,
Windfree Wind & Solar Energy Design Co. DBA Green Wheels USA,1,150000.00,225000.00,2,5
"Subira Investment Group, Inc.",20,9071.25,12095.00,0,0
"Not Too Shabby Cycles LLC dba Spoken, Chicago",47,19611.00,29101.00,4,11
Bernacki & Associates Inc,27,42401.00,84802.00,,
"Star-Tech Glass, Inc.",29,150000.00,310000.00,30,6
Vector Custom Fabricating,27,46750.00,85000.00,,
"Metropolis Coffee Company, LLC",33,147665.50,295331.00,8,40
Consolidated Chemical Works,27,42500.00,85000.00,,
"Rudy's Cyclery, Inc.",38,1090.50,1454.00,0,7
About Face Theatre Collective,48,46392.38,61856.50,0,7
Parkside Industries Corporation,45,8000.00,16000.00,0,7
"Marina Cartage, Inc.",11,110802.00,221604.00,9,2
Chung Mickey Figura,10,123822.00,165096.00,,
"Baja Foods, LLC",11,49485.40,104100.00,25,13
Garfield Waters Funeral Home,28,147325.00,205600.00,3,7
Architech's Inc,26,79542.15,225435.00,2,1
La Villa Restaurant Inc,45,80367.75,107157.00,5,45
Gilbert Spring Corporation,36,43548.50,87097.00,0,30
Michelle Lytle Photography,48,12045.00,16474.40,2,1
Joe Castillo,23,13312.50,17750.00,2,3
Damen Lake Property LLC (Standard Equipment Co),27,20352.00,40407.00,,
Oz Corporation dba Staropolska Restaurant,30,100000.00,155000.00,0,6
Luetenah Reed,28,18112.00,24149.33,,
"Easy Clean Coin Laundry, Inc.",31,80082.75,226363.00,0,3
Maureen Sullivan,47,100000.00,155740.72,8,0
La Fiesta Mexican Restaurant,19,9906.00,19812.00,,
State Farm Insurance,45,4106.00,8212.00,,
Ana de Luna,26,30431.25,40575.00,2,0
"Chicago Metal Supply & Fabrication, Inc.",36,144100.52,322530.00,21,18
"Wesley Development, Inc. dba Sunshine Supply Company",22,83920.00,167840.00,3,8
"DLV Printing Service, Inc.",29,100000.00,163750.00,2,5
Burke's Public House,48,59504.99,119009.97,,
"Thorndale Plaza, LLC",48,98302.50,131070.00,0,2
"El Bajio Enterprises, Inc. dba La Pena Restaurante",45,100000.00,160350.00,6,16
Albany Park Auto Clinic,39,5082.50,10165.00,,
Master Care Health Center,4,41157.00,54876.00,1,2
Lastella Ristorante Corporation dba La Fontanella Restaurant,25,100000.00,144113.75,3,2
Sethness-Greenleaf Inc,37,46425.72,92851.43,2,
Pet Care Plus,27,100000.00,232890.96,10,20
"Mid-West Wire Specialties, Inc.",36,150000.00,354028.00,0,36
Nima Corporation dba Noon O Kabab,33,87532.50,346895.00,3,22
Dream Box Gallery,1,50985.00,73999.14,1,4
Smith & Thomas Funeral Home,29,10597.50,21195.00,1,1
Anna Phillips,38,100000.00,139125.00,0,3
Brad's Sales Company,23,73600.00,147200.00,,
"215 North, LLC - Wolf Point Distilling",27,150000.00,549526.00,3,0
"Chicago True Value Hardware, Inc.",19,23510.25,31347.00,1,6
"JBR Brewing, LLC dba Moody Tongue Brewing Company",25,92150.00,469820.00,6,8
Plum Productions,48,114000.00,539050.00,,
Tasteful Tart Ltd (Parchment Studio),1,100000.00,441413.31,3,1
Best Friends Veterinary Center,39,9927.50,19855.00,,
The Chicago Ballet,45,50000.00,99473.00,9,3
Ex-Cel Corned Beef Co,27,36681.38,73362.76,,
Hidden Value Portfolio II Inc,45,146236.85,194982.46,6,2
Lawrence-Kedzie Self Storage,33,5314.50,11293.55,,
"HP53, LLC dba A10",4,46844.00,545760.60,50,0
New Age Childrens Prep Academy,9,39453.70,71734.00,,
Donald Lockett,29,8538.75,11385.00,,
Studio 3G,25,50000.00,71900.00,3,15
Hae D Park,39,36669.00,73338.00,,
Stephen Hamilton,27,50000.00,102000.00,,
"Endy's Deli, Inc. dba Alex Deli",31,64075.00,128150.00,6,18
Ground Control Vegetarian Cafe,26,62250.00,87706.69,20,
William Aquino,35,98850.00,131800.00,0,2
Broadway Cellars,48,20216.26,40432.51,,
Kim's Hardware,48,80718.75,118375.00,0,5
Dream Factory Salon & Spa Inc,30,37866.42,75732.84,,
Pronto Roma Inc,47,107499.90,215016.51,,
Tapas Mercado Corporation dba Bistro 6050,38,98512.43,133268.61,7,0
Midco international,39,33278.50,67641.75,,
"Pro Properties, Inc.",39,100000.00,136770.00,0,6
Garcia Auto Service,35,50025.00,69940.00,1,3
"Kitchen Chicago, LLC",27,39545.96,79091.92,1,3
Byung Chan Min,39,100000.00,135000.00,0,4
Hopleaf,40,150000.00,1336124.16,60,53
"Modern Process Equipment, Inc.",22,106026.74,212053.48,9,53
Marco Lighting Components Inc,26,50000.00,104552.00,,
"Pearl's Southern Comfort, Inc.",48,85919.25,128809.00,26,0
Family Den Lounge & Restaurant,8,121092.40,161456.53,12,23
Chaste Essentials Inc DBA Chaste Hair,29,7657.50,10210.00,5,1
"Bluebird Wellness, LLC",30,50000.00,111519.00,0,3
Immm Tong Inc. dba Immm Rice and Beyond,48,41241.00,54988.00,0,4
"Ambassador Paints, Inc.",40,97927.50,138200.00,0,3
Stinston Dental Facility,8,25894.00,51788.00,,
Goose Island Beer Co,27,150000.00,304247.00,,
"Kinfolk 2545 N Kedzie, LLC",32,50000.00,70380.00,25,0
Segundo Ruiz Belvis Cultural Center,26,77316.00,103088.00,2,3
Copernicus Foundation,45,150000.00,352339.00,,
OS Dental Lounge dba VIP Dental Lounge,45,50000.00,117840.00,4,0
Hank Tajkowski,47,136424.50,190600.00,,
Ritchie's Restaurant,19,50000.00,130000.00,,
Mehrab #1 Corp,50,55075.00,124405.48,20,8
Windfree Wind & Solar Energy Design Co. DBA Green Wheels USA,1,41177.52,54903.36,2,3
"Oak Street Health, LLC",45,50000.00,752628.25,24,0
La Donna,48,50000.00,100000.00,,
Il K. Chong,33,97500.00,130000.00,0,10
"Elgin Sweeping Services, Inc.",11,119808.15,265682.50,3,42
Paws & Claws Daycare Inc,47,24375.00,32500.00,,
The Roscoe Company,24,145591.24,293128.73,3,67
"Restoring the Seed, Inc.",10,10950.00,14600.00,3,4
Sabri Nihari Restaurant,50,150000.00,301000.00,16,9
Ted Barabas,28,50000.00,100000.00,,
Jackie Smith,34,50000.00,233800.00,,
"Uptown Psychiatry Specialists, Inc.",46,33422.00,66844.00,6,3
Vasilios Revelis et al dba Uptown Pizza & BBQ,46,80816.25,107755.00,0,12
"The 1985 World Champion XX, Inc.",28,70097.16,93462.88,15,0
"Squirt, Inc.",29,42660.00,84650.00,1,1
Robert & Sarah Peters,48,7126.50,14253.00,,
Rasenick's,45,29743.78,39658.37,3,3
Lynn Basa,35,118976.44,237952.88,,
Paramount Rooms,27,44170.50,73394.00,3,
Harold Story,24,50000.00,100000.00,,
Lago Ventures Incorporated dba Lago Banquets,30,100000.00,133359.09,9,7
Vision Boutique,25,1350.00,1800.00,0,6
Pratt Beach Apartments LLC,49,11978.50,23957.00,,
Namita Handa,45,12650.00,25300.00,,
Mt Greenwood Local Redevelopment Corp,19,55115.25,73487.00,0,1
Design Lab Chicago,27,18852.90,34278.00,,
Masala's Indian Thai Cuisine,48,28998.75,42550.00,0,2
Bania Ancheta,47,23475.00,46950.00,,
Lily's Talent Agency Inc,25,70235.00,143715.00,60,80
Inspired Interiors Inc,47,70720.87,157696.31,0,
2016 Iowa LLC,47,10000.00,121243.95,,
Anthony Zarcone Tastee Freeze,35,10708.50,14278.00,,
"Meskan Management Co., LLC, dba Louis Meskan Brass Foundry (b)",29,149674.00,299348.00,0,90
Floyd Bolden,27,50565.55,67420.73,0,4
Sung Kyu Inc,33,82025.00,164050.00,2,5
Yacoub Khalifeh,37,106111.50,144398.00,1,3
Reservoir Tavern & Grill,46,150000.00,300533.60,17,
Frost Lighting Company,11,120107.50,240215.00,3,53
"ECARG, Inc. dba Chicagoland Ham - SI",8,84446.25,112595.00,2,3
A Messe & Sons,27,15475.00,30950.00,,
"Jimena's, Inc. dba Monica's Pizza / Rafa's Chicken, Inc.",23,100000.00,193604.88,3,0
Claudia's Jewelry Inc,15,44025.00,58700.00,,
George Salinas Galaxy,45,49116.65,95000.00,,
D & G Corp. dba Almacenes Mexico,26,100000.00,136990.00,2,2
"Star-Tech Glass, Inc.",29,146800.00,293600.00,2,9
Pupstars Pet Care LLC,27,100000.00,155500.00,4,9
unimart One Stop Shopping,48,7040.00,28160.00,4,19
Apartment Vigilantes LLC,46,48089.00,64977.00,,
Shan Food Corporation,48,50000.00,90000.00,0,6
Sweet Miss Givings,32,93000.00,200000.00,,
"Airmarine, Inc.",23,67852.95,91742.00,2,5
Antek Madison Plastics USA LTD.,8,54342.50,108685.00,4,23
"Chicago's Indoor Garden, Inc.",37,52484.38,104968.75,1,10
Lawn Bowling Inc,13,36310.43,48413.91,0,12
Second Base Properties Series LLC,18,100000.00,137805.10,1,0
Amy's Candy Bar Inc.,47,35640.00,47735.96,,
Bubbly Dynamics LLC,15,24407.02,32542.69,1,4
"Pressure, Inc.",40,22787.68,30383.57,2,2
Jola & Hetman Deli Ltd,31,22440.00,29920.00,0,6
"1154 Lill, Ltd.",11,150000.00,302175.00,0,18
North Kenwood Day Care Center,4,110330.40,147107.20,,10
Lysinski Ltd -Dental,45,25800.00,51600.00,,
Reggies Bar & Grill,3,150000.00,368550.00,,
"C & O Auto Rebuilders, Inc.",9,30375.00,40500.00,1,16
"GreenWay Resource Recovery, LLC",24,82828.09,165656.17,14,12
"Circle Creations, Inc. dba Lion Circle",18,16173.88,32347.75,0,50
K + J International,39,76956.00,153912.00,,
"Bitoy's Sweet Treats, Inc.",29,100000.00,136263.94,7,0
"El Cubano Wholesale Meats, Inc. & Old Fashioned Meats, Co.",23,150000.00,394569.00,5,15
Chi S Whang Style House,46,16666.38,34060.00,,
CoClubChicago LLC,33,150000.00,664915.90,50,0
"Liz-Ney-Land Learning Center, Inc.",23,90750.00,123725.00,5,25
Eye See Ravenswood,47,43836.50,87673.00,,
Warren Fabisch,45,100715.00,138564.38,12,0
Harry Kemperas,39,5423.00,10846.00,,
Jero Medical Equipment & Supplies,37,87203.59,174407.18,,
"T Young Investments, LLC - The Connection Bronzeville, LLC",4,39060.00,52080.00,0,4
Mustard Seed Learning Center,19,66200.85,88267.80,16,11
Phoenix Bean LLC,48,9732.50,19465.00,,
Rudy's Cyclery Inc,38,7912.50,10550.00,,
Cotton Goods Mfg Co,27,39272.00,93210.00,,
Mir Naghavi Façade Rebate Projcet,33,35676.00,0.00,,
The H.L. Wilcox Company,47,60187.50,80250.00,2,3
Feim Azizi,47,35306.25,47075.00,0,2
Nellcote LLC,27,150000.00,1422390.00,135,
"Portage Park Dental Associates, Ltd.",38,150000.00,202176.00,3,3
Hold This Corp,32,44054.10,88109.91,,
"LSE Enterprises, Inc. dba Larry's Barber College",6,60300.00,82000.00,14,3
"TriWU Property Management, LLC",1,75480.00,100640.00,2,0
Midwest Fence Corporation,27,150000.00,383405.00,3,67
Phoenix Bean LLC,48,8442.50,17317.96,,
H2 Vino LLC,25,106617.50,217258.26,12,22
"Eric Tseng O.D., Prof. Corp.",19,42786.75,62245.00,2,2
POMA LLC,28,50000.00,100000.00,,
Jewelry Design Ltd,25,46530.00,94289.00,,
Jos Baumgartner Co,27,33619.03,76122.35,,
Fun Incorporated,29,26865.00,53730.00,,
Hemina Patel State Farm Insurance,47,17196.30,24310.00,2,4
"Industrial Steel & Wire Company of Illinois, L.L.C.",29,150000.00,507238.75,2,37
Laughing Mustache LLC dba Logan Parlor,32,14212.50,18950.00,4,8
"CTA Foods, Inc. dba Municipal Foods",26,100000.00,360000.00,0,0
Lorna's Laces,47,5800.00,11600.00,,
Leo Naturals John Yukeun Oh,39,10518.72,19124.95,,
Michael Filmowicz,45,50000.00,400000.00,,
"Royal Automotive, LLC",39,54577.80,72770.40,1,6
"Channing's Childcare & Development, Inc.",29,42432.00,59576.00,2,10
Parkland Properties LLC,26,24622.50,32830.00,,
Time International Corp.,39,25419.00,33892.00,0,2
Cutrone Hair LLC,19,50000.00,200000.00,,
Marc Barney,31,111699.50,204999.00,,
Japanese American Service Committee,46,29737.73,59475.46,3,
"Midway Storage, LLC",23,29025.00,38750.00,1,2
Total Therapy & Medical Center,48,122225.00,244450.00,,
"Revive Skin Care & Medspa, LLC",47,50000.00,79333.00,15,0
Golden Foods,37,30342.50,60685.00,,
DANK Haus,47,50000.00,104065.00,,
Electronic Connector Company,13,4750.00,9500.00,0,20
"Patrick Mechanical, Incorporated",38,10125.00,13500.00,2,4
"Midway Pro Auto, Inc.",13,38587.50,51450.00,2,3
In Ki Lee,33,67038.10,134076.20,,
DAT Old Fashioned Donuts,8,150000.00,210650.00,27,11
"Davis Imperial Cleaners, Inc.",39,13922.99,57605.03,0,40
"AA Tempo Auto, Inc.",30,47343.75,63125.00,0,3
Olivers House of Beauty,37,69015.38,113050.54,,2
Purelku Jewelers,47,772.50,1545.00,,
Ken Sakamoto DDS PC,47,12393.44,24786.88,,
Bag Plaza Corp.,46,100000.00,163000.00,3,5
The Whole Tooth Ltd,47,50000.00,80700.00,6,8
"5621 W. Irving Park, Inc. dba Inter Auto Glass",38,42075.00,56100.00,1,4
"6928 S. Pulaski, LLC",13,100000.00,138046.00,3,0
Roger Berman Co,27,49168.35,98336.70,,
Asset Recovery Services,27,50000.00,223300.00,,
Joy V Poskozim D.D.S. P C dba Joyful Dental Care,39,50000.00,391800.00,4,2
C & K Fashions,30,15475.00,30950.00,,
Vincent Cabinet Service Inc,26,11635.62,15634.00,,
"AA Tempo Auto, Inc.",30,39750.00,53000.00,4,6
"Axion Analytical Labs, Inc. / Hale 101, LLC",25,106115.81,141487.75,2,2
Jane Addams Development Corporation - 1801 W. Berteau,47,40498.00,89366.00,0,42
Carmen's Beauty,49,36776.77,49035.69,3,5
Advance Equipment Manufacturing Co.,28,28860.00,57720.00,2,12
Saluki Bar & Grill,2,41511.25,84100.00,,4
Workers Education Society,11,18603.19,24804.25,0,1
Forest Glen Animal Hospital,45,100000.00,173375.00,4,6
Bass Furniture,9,97475.00,194950.00,,
"HTNB, LLC dba Vision Boutique",2,25000.00,193833.96,8,0
CG Realty Group Ltd.,47,100000.00,134400.00,2,3
"2755 West Harrison, LLC & Shiller Preyar Law Offices",28,100000.00,506934.00,12,15
"Del-Kar Pharmacy, Inc.",24,89250.00,119000.00,2,3
Southside Health Food Inc,10,17000.00,240000.00,,
Astro Insulation Inc,36,23523.50,94094.00,4,17
Solo Salon PC,25,39000.00,78000.00,,
"Ssyal Ginseng House, Inc.",39,78750.00,105000.00,1,6
CMJ Medical Enterprises,8,5625.00,7500.00,,
J. K. Kabab House,50,33526.00,67052.00,,
General Surface Hardening Inc,27,57556.50,115113.00,,
Franklin's Restaurant,47,50000.00,700000.00,,
"Peace Infants and Toddler Center, LLC",40,38432.27,51243.03,4,0
Kelly Rauch Sole Proprietor,38,49777.63,99555.25,,
Fine General Merchandise,28,67604.42,90139.22,2,0
Lee Burnstein,35,50000.00,100000.00,,
"Maria Real Estate, Inc.",10,37071.16,49545.78,6,3
Barkaat Foods LLC,11,150000.00,300000.00,10,35
Daniel M Lowis,3,150000.00,232077.70,8,8
"MHAC Optical, P.C. dba Affinity Optical",38,17887.50,23850.00,1,5
HydroAire Inc,37,20757.00,41514.00,,
Bertina Power-Stewart,8,49500.00,66000.00,,
CPN Development Clark LLC,40,4350.00,50000.00,,
J&S Laundromat,35,98692.00,136950.00,3,4
"3880, LLC",45,76237.50,101650.00,1,6
Ecolit Inc.,27,118965.00,238375.00,12,32
Staropolska,30,150000.00,205000.00,2,
"AA Tempo Auto, Inc.",30,57806.25,77075.00,11,10
Krzysztof Dental,36,4050.00,8100.00,,
Paket Corp.,10,83330.41,166660.81,12,60
Jewelry Design Ltd,25,22852.50,30596.45,,
"Liberty Hardware Enterprise, Inc.",7,31161.36,41548.48,0,2
Cattlemens Custom Meats,8,19649.44,39298.88,,
"Evans Funeral Home, Ltd.",16,100000.00,143055.00,3,3
"Emeche, LLC dba Emeche Cupcakes",4,48217.69,67706.68,10,1
"Star Distributors, Inc.",30,74326.50,148653.00,,
Jane Addams Delta Development Corporation 4410 N. Ravenswood,47,81166.50,162333.00,7,0
"Lakeshore Audiovisual, Inc.",26,65618.63,131237.25,7,50
Kenneth Motew,27,112750.00,225500.00,,
"Francisco and Linda Flores, Inc.",39,12326.00,24652.00,,
In Ki Lee,33,15143.08,30286.15,,
Karr Insurance Services,13,50000.00,70831.53,,
Frank A Edmunds & Co Inc,23,14852.40,29704.80,0,0
Cell Air Communications,19,25917.69,34556.92,3,4
"USMe, LLC / Western Fulton Holding Company, LLC",27,125000.00,250000.00,7,9
Magnus Screw Products Corp,37,4612.11,9224.21,2,22
State Farm Insurance Company,38,8325.00,11100.00,0,3
Addison Pipe & Tube Co,28,37771.25,76354.00,,
Angels R Us Kidz Academy Inc,3,100000.00,222938.38,7,5
"City News, Inc.",45,25988.60,34800.00,1,10
Tylka Printing Inc.,13,22008.25,44016.50,0,11
Paket Corp.,10,150000.00,301167.00,5,52
"Carpet Corner, Inc.",15,41571.46,55428.61,1,9
Bill Mitas,38,87882.71,117176.95,4,5
Rhodes Florist,6,54534.98,81963.00,2,6
Racine Paper Box Mfg. Inc.,26,44665.89,89331.77,5,12
Fahed Sweilem,6,66206.53,94432.50,0,15
The Windsor Tavern,45,16267.50,32535.00,,
Busy Beaver Button Company,26,135611.58,181214.61,3,3
4545 W Armitage Inc dba A&D Candy,31,150000.00,370000.00,,
"D&Z House of Books, Inc.",31,54862.50,74029.00,0,3
Gus Berthold Electric Co,27,4020.00,8040.00,0,8
Sun Hee Lim,40,8499.90,81391.38,,
"Airam IL, Inc. / Sabor a Mi, Inc. dba Nana",11,90420.00,139148.00,5,0
Cook Au Vin Inc,32,30970.50,46735.50,,
Pasteur of Chicago,48,150000.00,213116.00,20,20
Tom Sadowski & Paul Brunner,9,14208.24,28416.47,,
"1st Impressions Beauty Salon, Inc.",46,23325.00,31100.00,3,3
"V.W. Broaching Service, Inc.",28,150000.00,300351.00,3,17
"Del-Kar Pharmacy, Inc.",24,10050.00,20100.00,,
Concept Laboratories,2,57000.00,125571.56,,
Accurate Real Estate Appraisals Group Ltd,3,150000.00,207600.00,4,5
Forest Glen Animal Hospital,45,15878.25,21171.00,0,
"Kurtzon Lighting, Inc.",28,38102.50,54970.00,0,22
"Chicago Auto Recon, Inc. / 1358 W. Cermak, LLC",25,100000.00,150904.48,7,8
Rockwell LLC DBA Mysore Woodlands,50,150000.00,218600.00,10,10
Sook In Kim,35,107272.50,143030.00,,
Scott Conway,1,13856.25,18475.00,0,3
"GK Tops and Bottoms, Inc.",28,93750.00,125000.00,2,3
John Materna,1,150000.00,201288.50,,
Arthur Harris & Co,27,35820.50,71641.00,1,26
"Income Tax Patriot/Maxim Properties, LLC",37,100000.00,150000.00,3,6
E&J Foreign Cars Ltd.,47,99975.00,133300.00,0,10
"Precious Little Ones Learning Center, Inc.",20,21123.75,28165.00,7,12
George F Dalianis,38,8250.00,16500.00,15,5
"Tsironis, LLC dba IX-Chel I Dream in Color Frozen Delights",45,11702.91,14185.34,2,2
Nader Salti,27,50000.00,100000.00,,
OnCall Interactive,47,26248.33,100000.00,,
Redmoon Theater,25,100000.00,321454.58,10,15
Seyed M Dehnavifar,47,50000.00,150000.00,,
ABC Business Forms,45,15367.00,30734.00,,
Dina Novillo,26,45937.50,61250.00,24,
"Northview Cleaners, Inc.",50,100000.00,151992.00,0,2
"Chicago Research Center, Inc.",36,100000.00,283589.26,,
Northcenter Eye Care,47,84397.50,153450.00,,
Brite Site,31,50000.00,100000.00,,
Little Kiddies Inc.,48,100000.00,133420.00,3,11
K & K Dressmaking,38,100000.00,134000.00,5,7
B-Clean Laundromat Inc,20,66468.75,88625.00,0,2
Richard Romanow,47,53090.00,112057.00,,
Illinois Engraving & Manufacturing Co.,47,16553.25,22071.00,,
"The Foxhole Chicago, LLC",47,56655.93,76019.13,0,4
"M Y Investment, Inc",50,150000.00,203950.00,4,4
Hieu Minh Troung,48,82193.46,161580.00,0,0
"R.C. Industries, Inc.",37,12974.28,25948.56,0,11
Slover Linett Strategies,47,20300.57,40601.14,0,15
Christine Belpedio's School of Dance,30,150000.00,201638.45,2,4
"Ops 3, LLC",27,38936.00,77872.00,0,35
Experimental Station,20,100000.00,142995.00,0,10
"All The Trimmings, Inc.",15,100000.00,144100.00,2,4
A-Wire Corporation dba AWC Industries,37,94653.00,189306.00,0,25
Hispanic Regional Clinics,30,62500.00,146191.88,2,
Jero Medical Equipment & Supplies,37,62796.41,258764.82,,
Mark Larocca,27,50000.00,150000.00,,
Pratt Beach Apartments LLC,49,76512.23,102016.30,3,10
Benjamin Turcuato United Rehab Center PC,45,19800.00,66500.00,,
Production Craft Inc,27,21961.58,43923.16,,
Lawrence-Kedzie Self Storage,33,44685.50,89371.00,,
Cross Town Fitness,25,50000.00,105642.23,14,14
Band of Bohemia LLC,47,50000.00,931957.01,32,0
Khalil and Farida Mashni,48,120507.75,206962.00,,
Andersonville Physical Therapy,48,78192.24,107334.32,1,6
Horse Thief Hollow,19,79175.25,105596.00,48,0
Steinhardt Builders Inc,50,150000.00,211850.25,8,4
"Royal Industries, Inc.",39,17945.00,35890.00,0,0
"Boulder Real Estate Group, LLC",20,141346.91,565525.56,11,0
Canine Social Club,40,11962.50,15949.99,1,5
Joe Minogue,45,50000.00,219109.50,,
Overseas Spices Inc Mehrab #1 Corp,50,44925.00,89850.00,,
"Western Avenue Storage, LLC",33,50000.00,71204.58,2,2
Michael J Krepps DDS & Associates,23,5640.00,7520.00,,
Damen Lake Property LLC (Standard Equipment Co),27,41506.50,83013.00,,
Albany Steel & Brass,26,990.00,2300.00,,
Ultimate Comprehensive Dentistry,38,100000.00,137312.00,1,2
Mr Jose Mestey,1,50000.00,70000.00,,
Jaafer Sweets,33,50000.00,100000.00,,
"SKCPA, LLC dba Sohn+Ko CPAs",50,61721.25,82295.00,1,5
Coco Restaurant,33,37028.00,94500.00,,
"Windy City Greens, LLC",25,126141.46,252282.92,0,0
May Medical Center,28,8473.30,15406.00,,
"Meemun Enterprises, Inc. dba Ecolife Cleaners",32,81675.00,117467.00,0,2
GB Group Inc,47,13762.50,18350.00,1,3
Thermoelectric Cooling America Corporation dba TECA Corporation,31,16294.13,32588.25,2,24
"Yup Chi Yuen, Inc. dba Friendship Chinese Restaurant",35,50000.00,100000.00,,
Brian R Langowski DDS Ltd,39,86900.00,188500.00,,
Venetta Carter,8,48855.00,65140.00,0,10
"City News, Inc.",45,150000.00,343472.18,2,6
"Denise Allen Robinson, Inc. DBA Neesh By D.A.R. 7",47,27545.00,55090.00,0,6
"A-Korn Roller, Inc.",11,59958.50,119917.00,0,54
"Flexicraft Industries, Inc. and The Metraflex Company",27,146158.65,314584.36,1,65
"1734 W. 35th, LLC",12,86872.50,140009.63,4,0
Precise Consulting Corp.,34,99748.13,195000.00,20,4
"Patrick Mechanical, Incorporated",38,42169.88,56265.00,2,6
Bubbly Dynamics LLC,15,60092.98,86400.00,,
Jack and Ginger's Dogcare,40,121044.00,161618.14,24,0
"Spectra Merchandising International, Inc.",38,12413.36,24826.72,3,44
T H Ink,27,35248.70,46998.27,,
"Chicago Diversified Projects, Inc.",40,100000.00,160570.00,2,1
El Naranjo,15,36300.00,48400.00,1,1
Larry Little Inc / THE ACT Group,48,150000.00,232835.20,,
A Gomez Tires & Wheels,37,30000.00,60000.00,,
Harbro Packaging Company,31,32090.00,64180.00,,
"Motiv Personal Training, LLC",47,50000.00,117112.80,3,3
David Kwang Lee,33,47067.50,100000.00,,
"American Eagle Food Machinery, Inc.",11,31061.95,62123.90,2,4
"Gold Leaf Design Group, Inc.",24,59158.01,122235.27,0,0
"Charter Steel Trading Co., Inc.",24,33632.20,67264.40,0,92
Paasche Airbrush Company,38,76773.50,153547.00,0,31
Café Internet Latino Inc,35,40800.00,54400.00,0,5
"Silver Lake, Inc., dba Bridgeport Auto Body Shop",11,34593.75,46125.00,3,4
Bloom Quintero Realty Co.,10,27356.25,36475.00,2,3
West Humboldt Park Family & Community Dev. Council 2,27,9137.25,12183.00,0,5
"Sardina, LLC (Zaytune Grill)",47,100000.00,297966.47,25,0
La Lena Restaurant,26,28500.00,38000.00,2,7
Pizza Forte,35,149999.98,301247.26,,
Laura Llamedo,26,100000.00,202480.00,10,0
Avondale Auto Repair Inc.,30,100000.00,134000.00,2,3
Dong Kim Garfield Partners LLC,28,150000.00,373039.16,,
Karen Bowman,17,11346.00,24400.00,0,7
Consolidated Chemical Works,27,13764.00,27528.00,,
The Marmon Grand,2,4575.00,9150.00,,
Nikki Iran Tyler,4,150000.00,273000.00,,
Great Expectations Learning Academy,28,44055.00,58740.00,3,10
"Jeffery Manor Auto Wash, Inc.",7,23868.25,40000.00,0,7
SHR Properties LLC,50,134500.00,182976.00,,
"Audio Archaeology, Inc.",49,8580.00,11440.00,0,1
Chicago-Springfield Accounting Service LLC,37,60000.00,80000.00,17,
La Fiesta Mexican Restaurant,19,107500.00,215000.00,,
Clark Glass Company,48,21750.00,29000.00,1,
Vogel Industries Inc DBA DeCardy Diecasting,26,85492.43,175000.00,,
Farlow Development,45,50000.00,97671.00,,
"Ethiopian Diamond Restaurant, Inc.",48,143550.00,194735.25,3,11
Katerina's,47,25431.21,33908.28,,
"AMK Market, INC DBA Sun Fresh Market And Deli",36,13121.84,17495.78,2,11
GF 6 Mason LLC,29,50000.00,80253.47,,
Chicago Kalbi Restaurant,39,11487.50,22975.00,,
Six Corners Health & Fitness LLC dba Crossfit Chisel,45,50000.00,67193.00,7,1
"Summerdale Property Management, LLC & 3535 Studio",26,100000.00,214370.00,3,2
"Gaslight Coffee Roasters, LLC",1,38777.00,56012.00,12,0
Arbre Nail Spa,2,150000.00,289783.75,10,20
Juhahm Foods Corporation dba DAK Korean Wings,48,50000.00,81000.00,6,6
"Buckeye Construction Co., Inc.",18,12850.50,17134.00,1,6
Selvam Ltd Medical Clinic,17,39765.00,53850.00,1,
"Bobett, LLC",17,94201.80,192658.59,6,0
Petra Manufacturing Co.,29,19872.00,39744.00,0,37
Irving Park Chiropractic Center S.C.,47,21400.81,28534.41,0,3
Goose Island Beer Co,27,50000.00,95000.00,,
"Alulu, LLC",25,100000.00,322273.26,21,0
"Dovetail Brewery, Inc.",47,150000.00,407973.40,6,0
L & L Appliance Mart,39,2666.50,5325.00,,
Ignotz Ristorante,25,150000.00,320000.00,25,
Emerald Smoke MMA & Fitness,27,121518.60,162024.80,5,5
Advanced Window Corp,37,8800.00,32222.24,8,62
Brooks Bros Services I,28,50000.00,162000.00,,
Mike O'Malley,31,27557.50,55115.00,,
Paws & Claws Daycare Inc,40,28251.89,37669.19,4,6
"Maracas, Inc.",4,51290.47,73000.00,4,0
Grant Park Packing Co,27,42473.84,84947.67,,
"Liquid NSB, LLC dba Car Care Auto Spa",30,100000.00,310734.00,4,8
Sinha Ltd,27,15679.30,22244.40,2,
VMZ Industries,13,147887.50,295775.00,,
Jessica Park,45,50000.00,110450.00,,
The Billions Corporation,26,58544.75,134545.00,0,8
"M & M Quality Grinding, Inc.",23,49082.00,98164.00,3,45
"Midway Commercial Property Group - Runway Studios, LLC",13,100000.00,308052.37,20,6
"RX Pain Management Group, P.C.",11,100000.00,178000.00,3,4
"Hewitt Horn, Inc. / 400 N. Paulina, LLC",27,84073.00,179021.00,0,13
Beverly Professional Building,19,33713.50,67427.00,2,
PKP Associates LTD Gabriel Enviornmental,27,58548.54,133401.40,1,2
Spotless Hand Car Wash,16,4620.00,6160.00,0,18
AN' Exclusive Clothing,40,8107.50,10810.00,0,1
Chicago Pediatric Clinic Corp,47,20987.50,41975.00,,
"Diana's Daycare Center, LLC",48,50000.00,144900.00,4,2
Lucious H Smith,34,25339.50,50679.00,,
Nancy Curran,27,50000.00,67796.35,0,4
Oriental Kitchen Corp,27,48017.00,125000.00,0,9
"L & L Auto Service, Inc.",47,86705.85,128835.00,0,5
Lincoln Norabang Restaurant,40,46439.25,63000.00,,
Howe Corporation,2,150000.00,335716.00,10,32
Emily Deam C/O A. Saccone & Sons,45,35625.00,98600.00,3,15
Kenwood Oakland Community Organization Rod Wilson,4,137860.28,287671.90,,
Hoa LAN Hair Design,48,17790.30,24874.00,,
"Phoenix Soy, LLC",48,100000.00,221702.15,4,0
Marz Community Brewing Co.,11,150000.00,490000.00,6,4
"Precision Forming and Stamping Company, Inc.",33,11000.00,22000.00,0,8
"Antiques on Old Plank Road, Inc.",26,79794.00,165475.00,0,13
State Farm Insurance,13,8672.80,17345.60,,
Cougle Commission Co,27,2042.88,4085.76,,
The Office LLC,29,69108.00,138216.00,,
"Woodlawn Animal Hospital, Ltd.",20,15399.38,20532.50,3,7
"Express Auto Service, Inc.",45,94909.16,126545.55,2,11
"Major Dickens, LLC",36,150000.00,308774.53,7,25
Progressive Truck Driving School Inc,30,100000.00,203080.00,11,5
Jessica Hyang Koo,47,100000.00,134125.00,0,12
Grota Restaurant,31,105750.00,211500.00,,
Mox Multisport,27,3284.62,6569.24,2,2
"I Love My Bed, LLC",22,78812.79,106250.39,2,3
Research House for Asian Art,11,28875.00,38500.00,1,0
Nationwide Furniture Distributors Inc,24,110000.00,244572.00,23,3
Carmen Martinez,26,36000.00,72000.00,,
"Talking Wireless, Inc.",22,8775.00,11700.00,1,1
Uprising Theater,35,50000.00,66666.66,,
La Villa Restaurant Inc,45,79544.00,159088.00,20,
JJ Styles,39,50000.00,67167.00,3,2
Deseo Mexican Cantina,40,150000.00,466733.00,,
LaShaun Dumas,24,50000.00,100000.00,,
"Microlution, Inc.",38,10841.36,21892.72,0,0
PKP Associates LTD Gabriel Enviornmental,32,91451.46,182510.67,,
BP Electric Motors,47,36543.06,73086.12,,
Geroge Zaremba & Virginia Silk,28,50000.00,100283.00,,
Copernicus Foundation,45,100000.00,209500.00,0,12
Mastercraft Metal Spinning,28,13740.00,27480.00,,
Chef On Call,27,150000.00,203046.66,3,1
Apatura Studio Inc,25,95858.00,127810.67,12,8
"Ork, Inc. dba Ork Posters",47,20379.64,27172.85,1,2
First Start Child Patricia Tyus,28,3800.00,7600.00,,
"Mercury Maintenance, Inc.",31,100000.00,133500.00,3,12
Swing N Putt Youth Golf Foundation,9,6963.75,9285.00,,
Charcoal Delights,33,50000.00,200000.00,,
The Purple Dream Corp. dba Via Lima Restaurant,47,100000.00,545752.00,25,0
"Brain Box Learning Academy, Inc.",18,27150.00,36200.00,2,6
"1154 Lill, Ltd.",11,50000.00,321850.00,,
Venetta Carter,8,18047.70,36460.00,3,12
SN Peck Builders Inc,27,5634.00,11268.00,,
"Reveal Design, LLC",27,100000.00,199771.64,3,15
Thrifter's Delight LLC,35,36249.45,48982.60,2,0
C&W Building Services Inc,27,26601.98,53203.96,,
L P Electronics,38,100000.00,146974.84,1,2
OK Trading Inc,33,48812.50,88750.00,,
"Edgewater Fitness Center, Inc.",48,50000.00,85000.00,15,0
Dayton Auto Rebuilders Inc,23,32222.85,69669.24,,
David B Baptist DDS PC,19,10457.39,20914.77,,
Bryan Hanson / Trust 02-1-8055,27,9750.00,13000.00,2,1
Albany Park Coin Laundry,39,3707.23,7414.46,,
Harold Goldenberg,35,96825.44,205090.00,,
"2620 W Fletcher, LLC",33,88710.60,124850.00,5,4
Ljubo Pejovic,48,9186.22,18372.44,,
Baja Foods LLC,11,149358.45,298716.90,,
"80 Million Food, Inc.",35,81535.00,163070.00,2,8
Harry Kemperas,33,11100.00,22000.00,,
Wanland and Associates,39,35126.54,46835.38,2,2
Stephen Garrett Photography,27,1372.50,2745.00,,
"Doggone Rite Dog Grooming Academy/Salon, Inc.",18,10895.65,14527.53,3,6
New Age Services Corporation,24,69447.38,92596.50,5,42
"Pollen, Inc.",35,64981.13,118982.00,0,4
Aztec Plastic Company,27,115288.50,230577.00,2,10
Int Traditional Karate,38,150000.00,200000.00,3,2
Ming's Import & Export,11,76590.92,105000.00,,
Dreaming Tree Films Inc,48,150000.00,303862.22,7,3
Hold This Corp,32,12700.00,25400.00,,
Wiklanski's Bakery,30,48130.50,75711.00,2,7
Ferdinanda Marcic,39,12390.00,16520.00,4,3
"Sankofa Cultural Arts & Business Center, Inc.",29,30937.50,41250.00,0,4
DANK Haus,47,87789.00,175578.00,,
"P.S. Greetings, Inc.",39,91729.00,184248.00,5,70
Phoenix Bean LLC,48,16120.00,32240.00,,
"Priority Plumbing, Inc.",26,95784.75,127713.00,5,0
"Prodigy Child, Inc.",8,50000.00,78555.00,8,0
"Galloy and Van Etten, Inc.",34,53544.96,107089.91,0,25
Madison Pine Dental Clinic,29,122238.00,244476.00,,
"Essential Elements - Chicago, LTD.",8,46995.75,67689.75,1,5
M + R Laundromat Inc dba Family Pride Quick Wash,31,150000.00,220000.00,,
The Hair Shop & Spa,29,50000.00,75151.63,,
Joseph P Minogue,45,22767.97,30357.29,,
"Hopleaf, Inc.",40,16738.25,66953.00,0,82
Hemina Patel State Farm Insurance,47,50000.00,299246.50,,
Farhad Nikamalfard,26,120406.63,160542.17,,
"Stitch Me, LLC",25,15675.00,23013.13,2,3
Los Altos Operating LLC dba Cantina 1910,47,100000.00,3007359.75,50,0
CLOSED,19,47634.00,88864.00,,
Burgundy Restaurant Inc.,38,10237.50,13650.00,0,0
Nobert Plating Co.,26,124872.50,249745.00,0,10
Roseland Auto,9,50000.00,74360.00,,
"Park View Villa, Inc.",36,82753.13,110337.50,3,3
Happy Kids Preschool & Daycare Center LLC,38,38126.01,50984.68,0,5
"Blue Box, Inc.",30,50000.00,77910.00,1,1
Drag City Real Estate LLC,31,68290.75,297940.00,1,1
Andersonville Physical Therapy,48,78602.19,104802.92,1,10
"Karmina Jewlery, Inc.",45,100000.00,133543.00,0,1
Total Image Salon & Spa,47,51306.76,93285.00,,
Nima Corp. dba Noon O Kabab,33,14324.00,28040.00,,
Janson's Drive-In,19,98892.75,131857.00,35,0
"Gold Leaf Design Group, Inc.",24,34301.99,80940.00,2,21
Elizabeth Cunningham,39,3465.00,7300.00,0,3
M & M Box Partition Co,26,33170.50,66341.00,,
Sim Ellen Investments,8,61619.75,123239.50,,
Chicagoland Beverage Company,27,44117.50,84960.00,,
Anna Phillips,38,81184.69,108246.25,0,1
"The Miracle Center, Inc.",35,80784.00,108883.40,10,5
"Patrick Mechanical, Incorporated",38,15037.50,20050.00,2,4
"Midco International, Inc.",39,34960.00,69920.00,,
"Abbey Metal Services, Inc.",34,72930.00,158606.00,0,6
En Las Tablas Performing Arts,35,37713.23,50284.30,2,7
"Chromium Industries, LLC",28,150000.00,321374.11,0,20
"Jefferson Park Grill, Inc.",45,15858.75,22435.00,1,4
Fashion Corner,8,18850.00,37700.00,,
"Marcat, Inc. dba Anmar Foods",27,71583.26,143166.52,3,20
Design Lab Chicago,27,86841.70,191838.00,,
"Platt Luggage, Inc.",23,44700.00,101021.00,0,37
Ken Sakamoto DDS PC,47,5913.00,7884.00,0,2
Kim Long 2 Inc.,48,4225.50,5634.00,,
Vision Boutique,25,6663.75,8845.00,1,11
Best Hand Superior Hotel Laundry Service,24,80291.25,160582.50,21,40
Arturo's TV Service,15,26250.00,35000.00,,
MRD Associates Inc,27,50000.00,135000.00,,
Villa Roma Hair Designers,45,34207.50,45610.00,,
JGF Management,4,31250.00,62500.00,,
Chicago Eats Sports Bar LLC,37,178379.95,259505.07,22,7
"Fasttrak Auto Center, LTD",32,98418.75,131225.00,2,3
Metro Financial Services,35,35478.93,150000.00,,
Frank A Edmunds & Company,23,6684.17,13368.34,1,5
"La Criolla, Inc.",27,9025.00,18050.00,,
HTP Associates,19,44841.50,187060.00,4,18
True Value Hardware,45,20487.50,42075.00,,
Advance Equipment Manufacturing Co.,28,59495.00,118990.00,0,11
Xotic Tan,35,50000.00,178215.00,,
Gus Berthold Electric Co,27,3310.00,6620.00,,
"Midwest Buy & Sell, Inc.",38,21354.00,28472.00,0,2
CF 4242 Bryn Mawr LLC,39,150000.00,728995.00,,
"3031 Whipple, LLC",19,98584.00,154850.00,5,0
"Neighborhood Laundry Mat, Inc.",20,12735.00,16980.00,0,2
Lake Industrial Park LLC / Austin-Westran LLC,27,150000.00,398575.38,45,30
Imax Video,39,1535.33,2161.00,,
"Revive Spa, LLC",47,150000.00,200000.00,15,15
Jacques Pele,27,150000.00,611415.13,,
Carte Blanche LLC dba Smack Dab Chicago,49,13083.81,17445.08,1,8
"Ayalytical Instruments, Inc.",27,87460.18,186000.00,5,19
"Pediment Ventures, LLC - Series 6300",20,100000.00,166930.00,7,0
Racine Paper Box Mfg. Inc.,26,104354.50,208709.00,3,12
Atelier Jouvence Stonecarving Inc,22,12961.79,25923.58,0,6
"A-Z Men's Wear, Inc.",35,100000.00,161594.00,3,1
State Farm Insurance,8,6559.60,16580.78,,
Imperial Lighting Maintenance Co,39,26601.50,53203.00,,
Laughing Mustache LLC dba Logan Parlor,32,22778.25,31010.00,5,5
DA Amato LLC,23,47737.80,74753.75,,
Marco Lighting Components Inc,26,16734.18,33847.71,,
Amazing Edibles Catering,28,50000.00,75894.38,3,13
Wayne Tumminello Illinois Engraving & Mfg,47,19964.55,28575.00,,
Zam's Hope Community Resource Center,50,110550.00,147970.60,0,2
Chicago Mailing Tube Co,27,26634.75,53269.50,,
"Nicolebro LLC/Jae Oz, Inc. dba Sky Walker",30,100000.00,158229.22,2,2
"Bash Sports Academy, LLC",33,93801.68,128769.00,2,5
Robert Kinsloe,47,50000.00,100000.00,,
"Uptown Research Institute, LLC",46,37413.75,49885.00,3,6
Crystal's Unisex,20,22500.00,30000.00,,
"Rann Professional Building, LLC",24,40320.00,54060.00,0,15
The Windsor Tavern,45,23427.34,48854.68,,
C & K Fashions,30,9352.02,24204.03,,
NY Shoes Import,39,3850.00,7700.00,,
Chi Chi Nails,8,12609.00,16812.00,10,7
"McKinney's Pub, Ltd. dba Chief O'Neill's Pub & Restaurant",33,100000.00,135000.00,4,20
"Supermercado Granados, Inc.",15,250000.00,527890.82,10,6
ABC Business Forms,45,22657.56,46311.50,2,13
Mustard Seed Learning Center,19,41528.51,55371.35,5,6
Time Treasures Antiques Inc,38,121964.70,162686.00,12,2
Advanced Window Corp,37,117995.28,235990.55,,
Beverly Records & Costumes,19,30487.50,40650.00,0,6
"The Fynder Group, Inc. dba Nature's Fynd",11,134180.00,546750.05,1,91
Super Communication Inc,33,2650.00,5300.00,,
Sahara Medical Center,50,123750.00,165000.00,0,4
Ted The Sup Sim,40,150000.00,205700.00,,20
Hugh Griffth and Monica Ochoa,1,32404.50,43256.00,2,3
Barkaat Foods LLC,11,150000.00,310000.00,7,40
"John Weston Restaurant Group, LLC dba Weston's Coffee & Tap",45,99408.06,144095.00,6,0
Bearings Manufacturing Company,37,22350.00,44700.00,0,12
Chicago Picture Frame Moulding,47,6997.50,9330.00,,
Portage Theatre Management I,45,23381.47,46762.93,,
Porchlight Music Theatre,31,50000.00,66823.25,0,5
Debra A Pernell Agency,9,50000.00,109813.27,,
"2255 S. Wabash Ave., LLC",3,78250.00,156500.00,0,93
Modern Beauty Salon,39,100000.00,137000.00,2,1
Fulton Market Cold Storage,27,34412.50,68825.00,,
"Classic Vending, Inc. dba Chicago Coffees & Teas",25,150000.00,328911.30,10,25
Industrial Council of Northwest Chicago (ICNC),27,87737.00,399450.00,,
"Economy Auto, L.L.C. - 3415 W. Cermak Chicago",22,100000.00,137755.00,1,2
Koam Autobody Inc,40,22500.00,45000.00,,
Rico Music & Dance Studio & Disability Consultants,45,22004.98,29339.97,5,5
Ray Rovello,13,43822.88,58430.50,0,7
"Dientes, Inc.",26,126047.63,168063.50,2,2
Antek Madison Plastics USA LTD.,8,48475.00,96950.00,4,22
Sean O'Neill,30,26641.34,35521.78,2,6
Chicago Spotlight,27,50000.00,350000.00,,
Nok Yong House,39,6820.00,15000.00,,
"DKMS, LLC dba The Dawson",27,100000.00,2030600.48,45,0
"Francisco and Linda Flores, Inc.",39,25103.10,58877.00,,
"Ruby's Restaurant, Inc.",28,46860.75,62481.00,4,20
"Eden in Chicago, LLC",27,96451.20,205977.83,1,9
"Vander Weele Group, LLC",46,20476.50,29202.00,5,5
"Madden Sewerage & Drainage, Inc.",47,100000.00,144817.52,5,17
Kabob 2 Cuisine,50,8227.50,10970.00,1,3
"Seed on Bryn Mawr, LLC",39,81750.00,109000.00,5,5
Circle Creations DBA Lion Circle,18,89122.00,182850.00,0,25
Paraiso De Aves,15,34983.75,46645.00,0,
"Why Not Iron, Inc.",28,147500.00,295000.00,2,18
Harry Cannon,34,23670.00,31560.00,,
"Molly Meyer, LLC dba Omni Ecosystems",3,150000.00,1126761.89,150,30
Pure Asphalt Co,22,69071.46,138142.91,2,
"Shin's Pride Cleaners, Inc.",4,93868.50,125158.00,0,4
Hair Mechanic's Salon,27,66305.03,96813.42,1,4
Purelku Jewelers,47,330.50,661.00,,
"Facility Wizard Software, Inc. DBA Wizard Software Solutions",47,9500.00,19000.00,0,23
Liberty Fastener Company,26,50000.00,100000.00,,
5621 W Irving Park Inc,38,63653.92,130446.78,,
Steep Theatre Co,48,140361.95,187149.26,,
"Smart Choice Apparel, Inc.",28,48548.25,65753.19,0,2
Jane Addams Development Corp.,47,130403.75,195107.07,17,18
Venetta Carter,8,25882.50,34510.00,0,15
"Chicago Soccer, Inc.",47,22550.00,45100.00,6,22
Richard Hae Dong Park,24,150000.00,222150.00,,
Illinois Engraving & Manufacturing Co.,47,3917.11,7834.21,0,6
Pastorelli Food Products Inc,27,50000.00,234000.00,,
"V & N Metal Products, Inc.",18,34606.50,69213.00,0,4
Midway Ice Cream,13,13761.50,27007.00,,
"Demeter Millwork, LLC",27,150000.00,515505.01,6,21
"Global Choices, Inc.",30,75350.00,150700.00,2,2
Push Indoor Cycling,13,14454.00,19475.00,1,4
"Atul Patel, DDS",26,100000.00,257881.40,2,1
"RRI Diversified Investments Corp. / Suite Little Feet, Inc.",17,100000.00,223052.00,9,0
"Skolnik Industries, Inc.",14,104374.50,208749.00,0,92
"GEB, LLC",27,99470.80,461569.59,50,30
The Windsor Tavern,45,26536.50,53073.00,,
Music House Inc,50,66160.88,88214.50,24,2
Top of the Line,28,50000.00,102000.00,,
La Luce,27,50000.00,250000.00,,
Salon Great Cuts Inc.,47,44400.00,59200.00,3,2
1800 W Lake LLC,27,50000.00,105000.00,,
Sun Hee Lim,40,106655.25,142207.00,,
Tom Tov Kosher Bakery,50,6263.32,25053.28,,
Irving Park Chiropractic Center S.C.,47,6215.54,8287.38,0,2
"Airam IL, Inc. / Sabor a Mi, Inc. dba Nana",11,9580.00,22080.00,5,20
Williams Landscaping Inc,39,108650.03,149918.00,1,15
Bark Out Loud,38,50000.00,71640.00,,
Northwest Paper Co Joe,38,31373.80,62747.60,,
"Marigold, Inc.",8,86803.75,210457.00,0,16
Pastorelli Food Products Inc,27,150000.00,636240.00,,
Congress Theatre,1,50000.00,88484.00,,
Theodore Durden - Landlord,10,19251.00,30891.00,0,7
"MHF Properties, LLC",27,198712.50,264950.00,6,0
"Magnum Transportation, Inc.",11,54175.00,108350.00,0,5
Chicago Ballet,35,40062.50,56500.00,,
Demera Ethiopian Restaurant,46,24000.00,70000.00,7,
Food Town,8,88462.50,117950.00,0,10
"South Chicago Art Center, NFP dba SkyArt",10,100000.00,505863.00,3,5
Gateway to Learning Special Education & Training Center,40,37900.00,75800.00,0,22
Rogelio Llamedo,26,23519.25,31359.00,0,2
Gleason & Shreffler,45,50000.00,100000.00,,
Artemios Tacos,45,6825.00,13650.00,,
Posh Pet Day Spa,19,18375.00,24500.00,3,10
Duwell Fish Inc. #2,24,100000.00,140668.83,3,3
A Relaxed You Inc,19,15336.00,30672.00,,
Lakeshore Plumbing,45,81158.25,116771.00,15,10
La Fiesta Mexican Restaurant,19,32594.00,68151.00,3,32
Reed DL Property,19,149236.50,298473.00,,
Mayfair Academy,8,149850.00,199800.00,3,13
In-On Thai Inc.,46,50000.00,77550.00,1,3
Kye Su Kim,35,41113.64,82227.27,0,35
"Stop and Shop For U, Inc. (Frozen Foods)",27,50000.00,78700.00,4,0
"Buckeye Construction Co., Inc.",18,33421.88,44562.50,0,6
"Dimitre Photography, Inc.",1,100000.00,157604.00,0,3
Bridgeport Pasty,11,87137.26,116183.01,7,7
"Graymont Equipment Distribution, LLC",27,70200.63,199325.00,10,80
Sean O'Neill,30,67254.00,90545.00,3,3
"Slidematic Acquistion, LLC dba Slidematic Products",45,150000.00,303303.00,0,40
Demeter + Dionysos dba FoodSmart,1,53308.75,224481.41,5,
Nobert Plating Co,27,91012.32,182024.62,,
The Barry Law Group PC,19,29625.00,39500.00,0,3
American Soda Fountain Inc,27,19061.00,46118.00,,
"Platt Luggage, Inc.",23,55000.00,110000.00,0,40
"City News, Inc.",45,43965.00,58620.00,2,12
Fashionably Unpredictable,29,80729.24,107638.99,,
LP's Wash-O-Matic,8,30758.96,41251.94,1,3
Key Foods Co.,11,67500.00,135000.00,0,50
Exotic Creations Inc,47,4060.00,8120.00,,
Vista Family Medicine,19,50000.00,766458.64,,
"All Things are Possible for Kids, Inc.",37,64500.00,86000.00,1,15
Douglas E Gary,45,27500.00,79196.00,5,4
Big City Properties,28,9975.00,19950.00,,
His & Hers Barber and Beauty Salon,24,72197.45,96263.26,0,0
"Pelar Construction, Inc.",19,100000.00,145478.27,2,6
See and Save Optical,50,32418.75,43225.00,,
Marian Baginski,35,24309.85,48619.70,,
"HT International, Inc. dba Wealth Logic Solutions",47,35062.50,47445.00,0,0
Laystrom Manufacturing Co,30,36133.00,72267.00,,
"Empire Cooler Service, Inc.",27,19850.00,39700.00,6,57
Frank A Edmunds Co.,23,3450.00,6900.00,1,9
"Duran Concrete, Inc.",37,100000.00,196654.80,0,9
"Corporate Identification Solutions, Inc",39,100000.00,148177.17,4,35
"Stellar Recognition, Inc. dba Sports Awards, Inc.",39,17990.00,35980.00,0,98
Tula Yoga Studio,1,7551.61,14068.81,2,4
Jeffrey A Mills Foot Path Trading Co,35,6856.87,16372.00,,
Pulaski Animal Hospital,23,57853.95,115707.90,3,22
Law Offices of Barbara Demos,45,12271.50,24543.00,,
Bonsoiree Restaurant,1,6317.50,12810.00,,
Paket Corp.,10,23565.00,47130.00,2,68
"Taxmonster, LLC",19,64888.50,86518.00,3,0
Amour Salon Suites,4,5647.38,10934.13,,
Staropolska,30,42500.00,85000.00,,
Westhaven Community Coin Laundry,2,85465.50,113954.00,,
Rudy's Cyclery Inc,38,52780.23,70373.64,3,4
Clark St Dining Concern Inc,48,72370.73,144741.45,,23
Kurt Balder,26,78465.92,112321.23,2,0
"TGMG, LLC",27,100000.00,134848.80,10,0
M.G.R. Tax-Service Inc.,39,8925.00,15625.00,3,3
Jeune Nazon,8,50000.00,77422.47,,
"Onyx Distribution & Services, LLC",28,67707.50,135415.00,5,6
Ron Wu Inc. / Ron Wu Photo,25,48926.72,65235.62,2,3
Windy Knitty LLC,48,39269.06,52358.74,5,
Cole's Appliance & Furniture Co.,47,100000.00,141205.00,2,8
Sensual Steps Inc,4,20411.25,40822.50,,
Galewood Enterprises,30,150000.00,349324.75,,
"Revolution Beer, LLC",35,150000.00,1441951.50,,
Ifeta Redzovic,40,67575.00,90100.00,,
Mamma Mia Chicago Grill Inc,30,87377.00,174754.00,,
Standard Equipment Company,27,59341.39,122519.78,0,48
Complete Environmental Management LLC,34,87975.00,155000.00,2,0
Manuel Vavoulas,28,150000.00,204159.91,15,3
Elizabeth Wangler,27,23362.73,44036.00,,
Chicago Flyhouse Inc,27,115956.63,231913.26,,
"The Property Law Group, LLC",4,37443.55,54964.73,0,2
"Sim Ellen Investments, Inc.",8,17737.50,23650.00,1,1
Lawndale Medical,24,46759.35,97083.00,,
Jane Addams Resource Corporation,47,37108.50,59326.00,2,29
Chas Bender Co.,27,39528.75,157340.00,0,7
ThermoElectric Cooling America Corporation,31,17334.00,34688.00,0,23
A Haven for Little Ones 2 Children Learning Center,7,81482.37,126576.50,15,0
Chatham Business Center LLC,6,19873.00,39746.00,,
Nancy Curran,1,53967.00,109072.00,,
4545 W Armitage Inc dba A&D Candy,36,6043.45,12086.90,1,1
"Tops and Bottom, Inc.",28,100000.00,151000.00,1,6
The Stewards Market,26,1312.50,1750.00,0,14
M Henry Café,48,25984.75,51969.50,,
"ODB Enterprises, Inc.",19,9243.75,12325.00,2,10
Busy Beaver Button Company,26,100000.00,191710.00,3,15
Automotive Painters Supply Inc.,13,42106.50,84213.00,,
Harold Goldenberg,35,36937.19,73847.38,,
Christopher Georgiades,24,110400.00,147200.00,,
Convenience for you Inc,29,57090.00,76120.00,,
Sipping Turtle Cafe LLC,35,47997.47,66914.27,6,0
"Begyle Brewing, LLC",47,150000.00,328129.87,4,3
1036 N. Kilbourn LLC/Elston Ave Food Company dba The Goddess,37,29150.00,58300.00,10,30
Ace Styline Furniture,27,43641.03,99019.00,,
Andre Tyus Tyus Salon,24,12825.00,17100.00,,
Greenlawn Landscaping,39,6523.50,8698.00,2,12
CPN Development Clark LLC,40,36750.00,49000.00,,
"Bam Auto House, Inc. / Peeple Trans Cab, Inc.",28,100000.00,152660.00,0,2
"AR & IR, Inc. dba Mambo Cafe",30,100000.00,201168.00,0,7
Research House for Asian Art,11,96187.50,128250.00,8,4
Ultimate Comprehensive Dentistry,38,117169.80,160285.00,2,7
"J May, Inc.",26,110760.32,147680.42,12,6
"Dalia Food Market, Inc.",46,16661.26,22215.01,2,2
John D. Colbert & Associates,47,5212.50,6950.00,0,3
JMC Wealth Mgmt,25,14850.57,29701.13,4,8
"4038 N. Milwaukee Mgmt Group, LLC / Community",45,100000.00,225000.00,22,0
"Meade, Roach, and Annulis, LLP / Aegis Center",47,10613.50,21227.00,0,8
Voice of the City,35,50000.00,69716.23,0,2
"1742 W. 99th St., LLC",19,57854.71,78347.40,10,2
"A-Korn Roller, Inc.",11,21520.00,43040.00,,
Mike O'Malley,31,5000.00,10000.00,,
The Wooden Spoon,46,133354.00,281234.55,,
"3312 S. Halsted, Inc. dba La Mom Kitchen",11,100000.00,450170.83,20,12
Flowers Unlimited & Gifts Inc.,8,53689.50,71586.00,0,6
"Celadon Holdings, LLC / Celadon-Pulaski, LLC",37,144200.00,198857.88,2,2
Angie M Starr,19,6017.50,11120.00,,
Active Roofing Company Inc,12,150000.00,303738.21,,
"Links Hall, Inc.",32,97536.75,133334.00,2,5
Cog Supply Inc,7,100000.00,175359.84,3,12
"Bristerloo, LLC dba Orange Shoe Personal Fitness - Andersonville",48,50000.00,265994.75,11,0
Bubbly Dynamics LLC,15,35375.00,51257.62,65,10
David Kwang Lee,33,150000.00,319800.00,,
"El Rey USA Meats & Seafood, Inc.",17,139045.19,286810.38,5,28
Blasart,26,12000.00,24000.00,,
Hersh Worldwide LLC - Hersh Properties,26,100000.00,161206.31,0,8
"S & K, Inc. dba Thomas Coffee Shop",8,79159.82,105546.42,1,10
T Salon & Gallery,47,2775.00,3700.00,0,3
Love Dental Incorporated,34,24562.50,32750.00,0,8
Sassafras Enterprises Inc,27,41175.00,82350.00,,
"DLV Printing Service, Inc.",29,60000.00,80000.00,0,0
Pratt Beach Apartments LLC,49,20505.75,38091.00,14,
"New Lion's Den, Inc.",10,143550.00,229000.00,12,0
Dong Won Herbs,39,100000.00,134100.00,0,2
Progressive Industries Inc,31,150000.01,307828.83,,
Ziggy Kruczalak,30,44175.00,58900.00,,
Jeremy Davenport,3,96241.66,128322.21,4,2
Calvin Duong,46,132000.00,176000.00,,
Concept Laboratories,2,93000.00,191949.80,9,72
Tres Jolie Art Inc,26,20900.00,38000.00,,
Lawrence Kedzie Plaza LLC,33,150000.00,686005.50,,
Oriental Kitchen Corporation,27,34492.50,45990.00,0,27
Khosro Beik,47,26225.55,46831.34,,
House of Styles,28,7500.00,10000.00,2,2
Chica's Secret Inc,33,63507.00,151606.00,,
Savvy Seconds Inc,47,650.00,1300.00,,
Farhad Nikamalfard,26,29593.37,39700.00,1,3
Take the Cake,27,36101.00,72202.00,,
"Taazadirect, LLC",10,150000.00,304000.00,6,
"Evolution Fitness, LLC",39,50000.00,70471.58,10,1
Albany Steel & Brass,26,149010.00,460000.00,,
Moylan Insurance Agency,19,10859.38,21718.75,,
Industrial Council of Northwest Chicago (ICNC),27,149095.00,298190.00,1,12
Boca Ad Agency,26,50000.00,70500.00,,
Pet Care Plus Ltd,27,49181.80,102642.16,,
"Doggone Rite Dog Grooming Academy/Salon, Inc.",18,10612.50,14150.00,4,8
Just Fit Shoes,3,100000.00,145445.00,0,2
"Cavoto Insurance Agency, Inc. (Farmers)",25,50000.00,75345.00,3,5
"Ossie C. Dockery Youth and Adult Center, Inc.",20,88386.20,119422.60,8,0
"Park Place Properties I, LLC",32,100000.00,145000.00,3,12
ATK Foods,27,150000.00,315839.00,,
Charter Steel Trading Co Inc,24,125508.00,251015.99,2,
"Six Corners Bistro, Inc.",45,110625.00,147500.00,10,0
"1240 N. Wells, Inc. dba Declan's Irish Pub",2,59197.50,87325.00,0,20
Century Plating Co Inc,32,35288.19,70576.37,10,79
"Mercenary Brewery & Distillery, LLC dba Maplewood Brewery",32,52496.40,115662.06,16,3
Good Morgan Kosher Fish,50,47044.26,94088.52,,
"Evan Law Group, LLC",11,100000.00,513805.00,3,7
Jazzy Flowers,25,50000.00,76585.00,2,4
Treatment Products Ltd Charles E Victor,37,3656.00,7312.00,,
Demera Ethiopian Restaurant,46,33750.00,45000.00,,
Chicago Ballet,35,9937.50,13250.00,,
"Kappa Vis, Inc. dba Bake for Me",11,3373.62,9619.75,2,14
Royal Envelope Corporation,11,27600.00,55200.00,0,82
Wholly Basil LLC d/b/a Herb Restaurant,48,134331.83,265000.00,10,0
"Eden in Chicago, LLC",27,34492.50,45990.00,0,27
Anne Gallagher,35,50000.00,130000.00,,
Little Insprirations Inc,4,121684.00,162245.34,14,6
Justin Blair & Company,22,81851.00,179179.00,13,
"David J. Frederickson Agency, Inc.",48,100000.00,206756.62,1,6
"Kiddieland Educational Center for Excellence II, Inc.",31,100000.00,292980.00,12,0
"CSC Glass, Inc.",12,150000.00,207450.00,9,1
8948 S Commercial,10,150000.00,273076.00,15,3
Marc Barney,31,6000.00,12000.00,,
MacDaddy Salon,27,50000.00,101842.98,,
"Not Too Shabby Cycles LLC dba Spoken, Chicago",47,30389.00,49802.01,3,11
"Baja Foods, LLC",11,100514.60,201029.20,20,30
Kim and Larry's Unisex Salon,22,44031.75,85000.00,4,6
Byung Mun Kang,33,9840.00,19680.00,,
"Asheli, LLC",8,41250.00,82500.00,12,0
Ranjit K Teji MDSC,11,26454.00,52908.00,,
Apollo Plastics,39,135682.46,394776.83,10,65
5530 Grill Inc. dba Bel-Ami Restaurant,40,89220.00,118960.00,0,3
Villa Roma Hair Designers,45,16950.00,22600.00,2,
State Farm Insurance,13,46903.76,93807.51,,
ABC Dance Academy,45,50000.00,69365.08,2,8
Panamericana Auto Parts & Repair,16,100000.00,145149.65,1,6
"Kauser's Salon and Spa, LLC",47,50000.00,67900.00,2,2
"Wise Owl Daycare, LLC",1,36941.25,49255.00,0,16
Spotless Hand Car Wash,16,20625.00,28000.00,2,12
"Crisp N Clean of Chicago-Madison, Inc.",27,12750.00,40500.00,5,0
La Clinica,13,14258.75,38122.65,,
"Bernacki & Associates, Inc. & Oakley Interiors",27,58597.26,151809.45,4,12
Sang H Han,40,28875.00,38500.00,,
Universal Scrap Metals Inc,27,150000.00,610600.00,,
Bearings Mfg Co,37,34089.00,68178.00,,
"3205 Armitage Manor, LLC",26,100000.00,141298.93,0,3
Paws & Claws Daycare Inc,40,23690.22,31586.96,12,10
"Sachar, Inc. dba Naveen's Cuisine",1,100000.00,353821.95,43,0
Dance Academy,26,18150.00,24200.00,,
"Restaurant Las Esperanzas, Inc.",15,100000.00,146959.65,15,6
John Toumplis,31,6750.00,9000.00,,
La Plena Restaurant,26,23375.00,42500.00,,
"Royal Automotive, LLC",39,99372.76,137521.99,3,7
Cambodian Assoc Of IL,47,50000.00,105820.00,,
"La Michoacana, Inc. dba La Michoacana Ice Cream Shop",13,97396.69,129862.25,4,4
"The SMB Help Desk, Inc.",47,22224.38,29935.50,10,15
"CLCET, Inc.",10,37500.00,50000.00,,
Smitten Boutique LLC,25,50000.00,67614.25,1,2
George Bazianos,38,73686.53,110707.00,0,0
J.C. Moon Co.,39,100000.00,136840.00,0,4
"Firstadsigns, Inc. dba TFA Signs",39,96168.75,130225.00,3,5
Chef Luciano Inc,2,141175.00,282350.55,,
"Swiss Products, L.P./SPG Investments",37,51000.00,102000.00,5,20
Blue Buddha Boutique,48,47490.00,63320.00,1,18
"Chicago Lock Box, LLC",19,21185.25,28247.00,0,3
"Amzo Zip Mailing Services, Inc. & Landlord",37,99517.50,199035.00,2,6
"Bronzeville Boutique, Inc.",3,50000.00,71000.00,0,2
Bu Ung Kang,29,100000.00,142486.64,20,15
Scott Wilson Design,27,29550.00,120700.00,,
Chicagoland Beverage Company,27,53334.13,106668.25,10,40
Three's Kompany Hair Design,13,28142.40,38400.00,,
"Meskan Management Co., LLC, dba Louis Meskan Brass Foundry",29,88455.38,176910.75,5,90
"Edward G. Irvin Foundation, NFP",20,100000.00,245565.57,8,12
"C.L. Doucette, Inc.",11,31512.50,63025.00,2,30
Cimba Management Inc.,30,86362.51,115150.01,0,0
Albany Park Auto Clinic,39,6000.00,12000.00,,
"K9 University Chicago, Inc.",27,100000.00,212865.90,8,38
Betty's Daycare Academy Inc,29,150000.00,201571.39,7,
David Vondle,35,102582.08,136776.10,,
Sharpe Tax Advisors,47,50000.20,75820.00,,
Venetta Carter,8,18047.70,36460.00,3,12
Wanda Colon dba Cafe Colao,26,35362.50,47150.00,0,5
Piggy Toes,47,10828.15,21942.55,,
Lawndale Properties Gimm LLC,28,9037.50,12050.00,,
Dokil Bakery Shine Oh,39,3147.13,5885.00,,
"Stellar Recognition, Inc. dba Sports Awards, Inc.",39,36180.50,72361.00,,
Jerry Q Tran,38,4475.00,8950.00,,
"N & L Building, Inc.",27,25251.16,58586.00,1,6
Henry L Washington,24,24603.60,49207.19,,
"Milwaukee Property Management, LLC",30,100000.00,164050.00,7,0
Rudy's Cyclery Inc,38,7200.00,9600.00,0,7
"One Stop Beauty Salon, Inc.",45,100000.00,287360.00,15,5
Cougle Commission Co,27,147645.00,295290.00,,
"Precious Little Ones Learning Center, Inc.",20,78861.75,109490.00,4,12
Kesher Stam Inc,50,74695.90,149391.80,,
"Makowski Real Sausage, Inc.",11,150000.00,316562.50,0,30
Griesel Jimenez Stodden Funeral Home,10,58946.25,86249.00,0,6
"The New 400, LLC",49,81014.63,126481.00,0,13
Estee Bedding Co,8,4462.50,8925.00,,
"Nationwide Distributors, Inc. / Fillmore, LLC",24,150000.00,345008.10,25,15
"Icon Project Roc, LLC dba Old Town Social",2,29550.00,59100.00,5,65
"Inner City Youth and Adult Foundation, Inc.",3,32364.38,56293.08,0,2
Phillip Myoung Yu,9,104700.00,159925.00,4,0
Magic Apparel Inc.,28,22555.88,30074.50,0,0
"Sirron, Inc. dba Dan's Bakery & Eatery",18,75537.00,105927.57,4,12
"Astro Auto Service, Inc.",31,34260.78,45981.04,0,7
Amarex Real Properties Company,1,100000.00,152652.00,6,0
Josephine E. Waters,7,94712.25,126758.00,6,2
"Caseline, Inc.",28,150000.00,302231.18,0,4
Metropolis Coffee Co LLC,48,44060.20,88120.40,,
Latin United Community Housing Association (LUCHA),26,71675.25,97067.00,2,29
"Charcoal Delights, Inc.",33,98917.50,140260.00,2,20
Louis' Groceries,6,100000.00,163309.59,3,1
"Daddy Cools, Inc. dba Innjoy Logan Square",1,98610.00,131480.00,5,15
Northwest Crankshaft Inc,37,10175.10,20350.20,,
Copernicus Foundation,45,50000.00,100000.00,,
"Grandstand, Ltd.",11,48768.29,68901.38,0,6
Kinzie Industrial Development Corp. (KIDC),27,150000.00,326716.33,0,75
"It Takes a Village Christian Academy, Inc.",8,13154.25,17539.00,2,3
"James Calvetti Meats, Inc.",11,87961.50,199920.83,0,26
RB Sign & Design Inc,30,104003.25,138671.00,0,1
Matsumoto Restaurant,39,10629.30,43000.00,,
Skolnik Industries,14,150000.00,309087.25,8,121
Kemal Sabovic,45,100000.00,236100.00,12,0
Dill Pickle Food Co-Op,35,100000.00,852626.22,33,14
Chicago Press Corporation,26,16212.99,40156.00,0,36
"Panic Brewing, LLC dba Alarmist Brewing",39,120369.44,382484.97,4,3
Rickard Circular Folding Company,27,24026.53,48053.06,0,51
Roberts Touch B and Y Salon,24,48135.00,64180.00,0,2
Foster Avenue Dental,39,1330.00,4420.00,,
Paws Naturals,25,30516.56,61033.11,,
DANK Haus German American Cultural Center,40,100000.00,290805.55,2,25
Urban Pooch Canine Life Center,47,94000.00,231169.00,10,
La Fiesta Mexican Restaurant,19,45496.44,97974.19,,
Ssyal Ginseng House,39,1650.00,2200.00,,
Value Transmission Inc,45,48385.50,96771.00,,
Gateway to Learning Special Education & Training Center,40,61321.22,81761.62,0,27
"Spectra Merchandising International, Inc.",38,24406.50,48813.00,2,44
Wielgus Product Models Inc,27,50000.00,277216.70,,
Midpack Corporation,39,135929.75,272385.00,0,4
"Ensemble Media, Inc.",46,25000.00,34125.00,1,1
"Hair Style Express, Inc.",45,26515.50,39863.00,2,7
"Virginia Bruce Chung & Associates, Inc. dba Allstate",31,32943.75,43925.00,0,2
"Small Batch, LLC dba Antique Taco Bridgeport",11,100000.00,486000.00,15,0
"D'Estee, Inc.",3,100000.00,150741.00,0,0
"Liberty Hardware Enterprise, Inc.",7,56914.79,75886.38,0,3
"McCathay Timber, Inc.",2,26409.05,54295.36,0,4
Tiztal Cafe Inc.,46,100000.00,137860.00,3,4
IPOL LLC,27,50000.00,200000.00,,
Antoinette Patterson,22,104925.00,139900.00,34,8
AAA Metal Finishers,35,4880.81,6507.75,,
2155 Hubbard Building Partnership,11,137467.50,274935.00,1,11
B&B Family Funeral Home,24,58338.55,79087.57,2,4
Beyond Design Inc,47,21117.54,42235.07,5,0
L & P Provisions,27,41802.00,83604.00,,
"Amour Full Service Salon, Inc.",4,121790.27,166887.03,0,4
"AG Neverias, LLC dba Chelita's Homemade Ice Cream",45,24750.00,33000.00,1,0
"WTF Reserve, LLC",27,69412.35,93299.80,0,50
Maryla Beauty Salon,45,20193.75,26925.00,0,2
ADR Enterprises dba Blu Salon & Cut Barbershop,8,81167.29,108978.05,6,12
Sunshine Gospel Ministries,20,91740.00,134946.98,12,18
"Baron's Shoes of Mt. Greenwood, Inc.",19,33412.50,45950.00,2,1
Safran Metals Inc,2,101607.97,217294.18,0,11
"Carlyza, LLC / Kiddieland, Inc.",30,100000.00,195000.00,3,0
Hyde Park Animal Clinic,4,143427.79,286855.57,4,0
"Dee's Phase I, Inc. dba Putten's Pantry",37,14349.00,19132.00,2,2
"Ladybug & Friends Day Care and Preschool EW, LLC",48,50000.00,186104.02,20,0
Tony Cristofano,30,15042.34,30084.68,,
State Farm Insurance,45,9265.00,19980.00,,
Linda's Flowers & Gift Shop dba Linda's Creations Flowers,1,85293.75,113725.00,3,5
"P.S. Greetings, Inc.",39,150000.00,320170.00,2,92
Ecolit,27,144637.35,192849.80,2,
Clark Tire Service,40,20943.75,27925.00,,
Gerald Jones Wood Floors - A Natural Flooring Company -,31,26093.63,34791.50,1,1
"AltusWorks, Inc. & Farlow Development, LLC",45,82193.46,126700.30,0,9
LVJ Cafe Corporation dba Lula Cafe,32,43892.48,62578.17,0,72
Anastasios Andritsakis,30,56182.50,77365.66,2,12
Seward & Szczygiel P C,45,136000.00,309500.00,,
Burgundy Restaurant Inc.,38,36147.38,49956.06,0,9
"Brandenburger Plumbing, Inc.",19,36750.00,147000.00,3,26
Zberry Inc,4,69500.00,135203.00,,
"Chicago Jiujitsu, Inc.",40,100000.00,152920.00,,
"Dr. Graphx II, Inc.",27,8589.50,17179.00,2,13
"JWB, LLC",24,150000.00,203473.00,0,45
See and Save Optical,50,5250.00,7000.00,,
"Chicago Soccer, Inc.",47,2725.00,5450.00,4,22
"Anna Maria Pasteria, Inc.",47,50000.00,100000.00,,
"Jumbo Laundry & Cleaners, LLC",47,89355.00,119140.00,0,4
DJL,31,10951.50,14602.00,1,1
Sofy's Beauty Salon,35,26775.00,35700.00,,1
M & M Box Partition Co,26,43862.86,87725.71,0,
"Alchemia Art of Hair, Inc.",48,25000.00,50270.00,5,0
Mia Tavola LLC,47,14289.97,19053.29,,
Logan Square Dental Service,45,34050.00,67500.00,,
Charday's Barber Cuts and Beauty Salon,29,84978.75,144545.00,0,5
"Wiley's Chicken & Ribs, Inc.",28,78461.62,165000.00,6,3
Polonia Home Health Care Center,45,17988.85,34901.07,,
Chgo Coast True Value,50,27225.00,49500.00,,
The Fish Guy Market,39,145517.01,194022.71,4,
Harvest Christian Bookstore,19,79209.78,158419.55,1,
Washtown Coin Laundry,39,25490.00,52025.00,,
Face to Face Hair Design,19,50000.00,150000.00,,
Body Works Health & Wellness LLC,27,103785.00,138380.00,4,4
The Wooden Spoon,46,50000.00,135100.00,,
Model Options Grant Urban,27,10097.99,20195.97,,
JFB Incorporated dba Bartucci Salon,27,50000.00,437362.44,12,0
Fig Cafe Coffee and Custard L3C,17,100000.00,403050.00,6,0
"Steve Albini, Inc. dba Electrical Audio",33,66057.75,88077.00,,5
Gus Berthold Electric Co,27,77149.47,154298.93,0,30
"Jefferson Park Grill, Inc.",45,17250.00,23000.00,2,6
Holy Land Grocery 1,39,29393.65,58787.30,,
Drummond Industries Inc,31,142989.15,274083.57,1,8
Northbrook Partners,1,50000.00,120000.00,,
Prism Optics Inc,30,1593.75,2125.00,0,2
TEC Foods Inc,28,35709.00,50000.00,,
Bozena Hadou,35,133807.01,232857.70,3,
Garfield Waters Funeral Home,28,2675.00,5350.00,,
The House of Glunz,2,124625.00,287942.59,35,0
Dusan D Surovy,45,30200.00,60585.00,,
"DeSanti Talents, Inc.",23,7383.75,10225.00,1,2
Neal Keller dba Let's Boogie Records and Tapes,11,42381.75,56509.00,1,1
City Provisions LLC,47,101328.75,135105.00,,
Imperial Plating,23,38508.00,77016.00,3,48
Bright Electrical Supply,27,24248.25,48496.50,,
"Las Tablas on Irving, LLC",45,19968.50,39937.00,,
American Soda Fountain Inc,27,5908.50,11417.00,,
Michelle Lytle Photography,48,100000.00,238746.52,3,2
Steven Graves,19,8029.50,16059.00,,
Maria Castillo,23,29143.25,116573.00,,
